timestamp,longShortRatio
2026-01-10 15:01:29.439,
2026-01-10 16:03:31.948,
2026-01-10 17:03:47.360,
2026-01-10 18:03:08.621,
2026-01-10 19:03:41.396,
2026-01-10 20:01:50.255,
2026-01-10 21:02:54.141,
2026-01-10 22:01:37.231,
2026-01-10 23:01:36.498,
2026-01-11 00:01:37.165,
2026-01-11 01:01:38.472,
2026-01-11 02:01:36.124,
2026-01-11 03:01:00.403,
2026-01-11 04:02:24.353,0.5488662340551593
2026-01-11 05:01:46.690,0.5438897337730979
2026-01-11 06:01:33.672,0.6064562961049674
2026-01-11 07:02:08.186,0.8928349416097264
2026-01-11 08:01:57.781,1.2013626288889054
2026-01-11 09:02:31.563,1.3955521105799307
2026-01-11 10:02:30.209,1.202460849645452
2026-01-11 11:01:56.050,1.21869527153592
2026-01-11 12:02:28.706,1.5889439625211217
2026-01-11 13:02:20.934,5.889539223237353
2026-01-11 14:00:17.549,5.387827546884801
2026-01-11 15:01:12.588,5.855984128424342
2026-01-11 16:02:19.128,1.813131699700688
2026-01-11 17:03:06.706,2.1895690673681187
2026-01-11 18:00:59.928,1.9955584392038783
2026-01-11 19:02:34.007,1.9957327052981577
2026-01-11 20:00:25.573,1.3657322328203216
2026-01-11 21:00:35.626,0.831717127240127
2026-01-11 22:02:04.920,0.656706698090142
2026-01-11 23:01:29.157,0.45867957419388145
2026-01-12 00:02:30.745,0.694966253796753
2026-01-12 01:02:07.017,0.7827657997197751
2026-01-12 02:01:56.818,0.8615531377336287
2026-01-12 03:01:05.190,1.2049132329154069
2026-01-12 04:01:03.557,0.9368016208147077
2026-01-12 05:01:21.349,0.9586288161729619
2026-01-12 06:00:10.899,1.0277244608357319
2026-01-12 07:00:02.257,0.7461005372579612
2026-01-12 08:01:34.717,0.6005059998314891
2026-01-12 09:01:23.564,0.6787889855594393
2026-01-12 10:01:25.250,0.7323104823023687
2026-01-12 11:03:04.703,0.8520040232937565
2026-01-12 12:01:06.670,1.011127731014835
2026-01-12 13:02:55.067,1.1629036726995736
2026-01-12 14:03:00.010,0.9067960590177995
2026-01-12 15:01:26.230,0.782061414482135
2026-01-12 16:02:41.940,0.865530709377254
2026-01-12 17:03:07.860,0.5155925224373411
2026-01-12 18:03:33.171,0.5258781833205397
2026-01-12 19:02:26.186,0.3607804025377374
2026-01-12 20:02:06.471,0.49794971469305227
2026-01-12 21:01:01.200,0.7281166488834279
2026-01-12 22:01:40.264,0.7838524320755041
2026-01-12 23:01:19.080,0.828258518399534
2026-01-13 00:00:41.776,0.8701924549036321
2026-01-13 01:01:51.917,0.8807854515832011
2026-01-13 02:01:36.369,0.6581722320182948
2026-01-13 03:00:13.841,0.7215750366507869
2026-01-13 04:00:18.296,0.752681894019311
2026-01-13 05:01:09.278,1.2233619733771528
2026-01-13 06:00:58.365,1.2403843232460208
2026-01-13 07:03:26.544,1.091488124011496
2026-01-13 08:02:57.167,1.2147863837586357
2026-01-13 09:03:08.486,1.4161911480032436
2026-01-13 10:03:27.403,1.6191373232099797
2026-01-13 11:02:28.355,1.5515516089589967
2026-01-13 12:02:04.889,3.7515705053066486
2026-01-13 13:03:52.962,3.240832563027601
2026-01-13 14:01:03.911,4.38656048061219
2026-01-13 15:02:10.379,5.112285913296834
2026-01-13 16:02:02.668,3.496970771432583
2026-01-13 17:01:17.504,4.270228875114451
2026-01-13 18:01:39.099,4.868022088903852
2026-01-13 19:01:55.077,4.130141213838848
2026-01-13 20:00:15.269,4.133279858175529
2026-01-13 21:02:20.614,3.7451956245008464
2026-01-13 22:01:32.358,4.688691914181787
2026-01-13 23:02:00.759,7.239044110647645
2026-01-14 00:02:25.117,3.0001265380558313
2026-01-14 01:03:07.800,2.9971937210886543
2026-01-14 02:02:59.686,3.0294242684756063
2026-01-14 03:02:56.724,2.8813497988656094
2026-01-14 04:03:49.782,3.0615840679040045
2026-01-14 05:03:53.735,1.807711961522968
2026-01-14 06:04:21.632,2.210588722646135
2026-01-14 07:03:11.760,2.128568247149369
2026-01-14 08:03:21.395,2.6054076134444246
2026-01-14 09:01:53.653,1.9842218501619249
2026-01-14 10:02:08.229,1.8083559234486057
2026-01-14 11:02:18.740,2.0096811108258565
2026-01-14 12:02:33.285,1.517243661917717
2026-01-14 13:01:16.493,0.7733735029308276
2026-01-14 14:03:26.166,0.9387520924109475
2026-01-14 15:01:46.771,1.439910886858192
2026-01-14 16:01:23.692,1.3669142552100833
2026-01-14 17:02:06.539,1.4127441062086294
2026-01-14 18:02:52.631,0.8810014593894668
2026-01-14 19:00:00.516,1.07818910699332
2026-01-14 20:01:30.107,1.3670352247640414
2026-01-14 21:01:29.916,1.0761487649721717
2026-01-14 22:03:15.471,0.6218469057707301
2026-01-14 23:01:51.296,0.5176356337596089
2026-01-15 00:04:14.260,0.4924811323057886
2026-01-15 01:03:35.716,0.3998295318321205
2026-01-15 02:02:58.464,0.40920200468471174
2026-01-15 03:02:54.656,0.39079314508016955
2026-01-15 04:01:48.051,0.37254617925800304
2026-01-15 05:01:23.843,0.22839864242965519
2026-01-15 06:01:47.439,0.27818509892202387
2026-01-15 07:04:19.080,0.2700652495777058
2026-01-15 08:04:04.716,0.39652170927854946
2026-01-15 09:03:54.017,0.38912466852331445
2026-01-15 10:04:14.793,0.2981456773975118
2026-01-15 11:03:43.541,0.3110257866557854
2026-01-15 12:03:55.527,0.3418751014378247
2026-01-15 13:02:59.175,0.4782733608211998
2026-01-15 14:01:55.442,0.5178917987813273
2026-01-15 15:02:43.067,0.7298224105247871
2026-01-15 16:01:07.443,0.6593216905909255
2026-01-15 17:01:10.573,1.031704000323433
2026-01-15 18:01:10.745,1.3659959459558193
2026-01-15 19:01:11.093,0.7396178147808108
2026-01-15 20:01:17.369,0.5340283081496894
2026-01-15 21:00:56.131,0.4547348067450268
2026-01-15 22:01:30.497,0.47083413709754673
2026-01-15 23:01:59.218,0.645731845079466
2026-01-16 00:01:48.637,0.49468958560654597
2026-01-16 01:01:55.209,0.5624311088076926
2026-01-16 02:01:45.376,0.5797214067809313
2026-01-16 03:04:57.038,0.758749818979223
2026-01-16 04:03:24.502,0.6212999536858175
2026-01-16 05:03:58.510,0.5610715970166195
2026-01-16 06:03:33.478,0.8893787785713038
2026-01-16 07:01:27.207,0.8747879027917828
2026-01-16 08:01:26.508,0.7752777726677103
2026-01-16 09:00:31.460,1.158717710771012
2026-01-16 10:00:46.007,1.2088703359802522
2026-01-16 11:03:44.265,1.5290427348258255
2026-01-16 12:03:59.080,1.3003067138436384
2026-01-16 13:03:47.077,0.9850096938162457
2026-01-16 14:02:53.816,0.8631734119437913
2026-01-16 15:01:43.377,0.7706341871155623
2026-01-16 16:00:40.488,0.6120555118187903
2026-01-16 17:01:26.193,0.6222189927171454
2026-01-16 18:03:50.610,0.9076387529238121
2026-01-16 19:02:15.944,1.1974158735457143
2026-01-16 20:00:33.062,0.8353316315736006
2026-01-16 21:00:31.478,0.9570973015882783
2026-01-16 22:03:15.824,1.3371747183699012
2026-01-16 23:01:44.424,1.1817015490831144
2026-01-17 00:01:26.823,1.4769678589292763
2026-01-17 01:01:48.288,1.3118625530216361
2026-01-17 02:01:03.992,1.181547513765199
2026-01-17 03:01:22.364,1.307735284202151
2026-01-17 04:01:13.410,1.4648931233160425
2026-01-17 05:01:14.828,1.7167384898311326
2026-01-17 06:01:17.432,2.745164898440622
2026-01-17 07:01:15.019,1.7696523401744442
2026-01-17 08:01:16.012,1.2722220136854503
2026-01-17 09:01:39.022,1.543015129024388
2026-01-17 10:02:02.066,1.6903177593698102
2026-01-17 11:01:34.744,0.7156806696512381
2026-01-17 12:01:44.605,0.6788083014281552
2026-01-17 13:01:22.125,0.4829621294162756
2026-01-17 14:03:34.211,0.5079464150253709
2026-01-17 15:01:06.919,0.6609456706436547
2026-01-17 16:00:46.480,0.741663024367639
2026-01-17 17:02:10.293,0.5800670590185015
2026-01-17 18:03:20.436,0.6510621768073331
2026-01-17 19:03:46.208,0.6335490055792786
2026-01-17 20:04:51.900,0.6739560664132657
2026-01-17 21:02:55.331,0.6840869183878389
2026-01-17 22:00:31.630,0.6901079742831312
2026-01-17 23:02:18.352,0.37845575490632244
2026-01-18 00:00:56.521,0.35239937487373507
2026-01-18 01:00:56.218,0.2875618457180115
2026-01-18 02:01:56.634,0.3250480347653305
2026-01-18 03:02:40.928,0.35237665401675217
2026-01-18 04:00:55.751,0.2948445626471875
2026-01-18 05:03:53.047,0.2317759719497304
2026-01-18 06:01:36.477,0.209014381883805
2026-01-18 07:02:03.106,0.27554088922250397
2026-01-18 08:02:27.896,0.21017928788109222
2026-01-18 09:02:55.794,0.13668339093269435
2026-01-18 10:04:15.754,0.2300681056780434
2026-01-18 11:03:33.888,0.25190271112147666
2026-01-18 12:02:27.718,0.24159738889045612
2026-01-18 13:03:37.704,0.29922168586417536
2026-01-18 14:02:42.593,0.46052767504535175
2026-01-18 15:02:54.404,0.7851780949394097
2026-01-18 16:03:40.186,0.6647983995768753
2026-01-18 17:01:41.872,0.8656484965932562
2026-01-18 18:02:00.852,0.8304543011885223
2026-01-18 19:02:07.387,1.3114463203527993
2026-01-18 20:01:54.177,1.057474977424614
2026-01-18 21:03:23.848,1.1989185302586192
2026-01-18 22:02:54.641,1.853278666972731
2026-01-18 23:01:39.960,2.3821212564636367
2026-01-19 00:04:43.820,0.5111133578462607
2026-01-19 01:02:12.503,0.32401169100045346
2026-01-19 02:01:29.993,0.5185360685266356
2026-01-19 03:05:33.843,0.5077536414033581
2026-01-19 04:02:43.543,0.43881768871311755
2026-01-19 05:01:42.579,0.48602318936600797
2026-01-19 06:02:19.054,0.44085514059425934
2026-01-19 07:02:25.963,0.4220404663833318
2026-01-19 08:01:17.552,0.4389885748363164
2026-01-19 09:01:59.142,0.4720979107539222
2026-01-19 10:01:18.341,0.618697002349472
2026-01-19 11:01:11.080,0.5731000238780588
2026-01-19 12:03:20.612,0.6130471905343282
2026-01-19 13:02:07.354,0.5208968249215299
2026-01-19 14:01:50.208,0.9499923596437977
2026-01-19 15:01:40.430,2.8412244755036835
2026-01-19 16:00:57.022,1.782749867951044
2026-01-19 17:01:47.582,2.4050805357744465
2026-01-19 18:01:22.134,2.6941434429793105
2026-01-19 19:01:18.439,2.2014698404269164
2026-01-19 20:01:55.158,2.4103407506069656
2026-01-19 21:01:46.015,2.3575660186495115
2026-01-19 22:01:23.422,1.8433423521265133
2026-01-19 23:01:21.216,0.9745468465361304
2026-01-20 00:02:11.508,0.9580543090195047
2026-01-20 01:01:51.433,0.7673977897474611
2026-01-20 02:02:21.278,0.5574474570849449
2026-01-20 03:01:43.134,0.6530687037350588
2026-01-20 04:01:36.959,0.6374063276646147
2026-01-20 05:01:17.545,0.49924961957215824
2026-01-20 06:00:12.632,0.40084165367730307
2026-01-20 07:00:15.355,0.19232983977108487
2026-01-20 08:00:27.140,0.1772661899581898
2026-01-20 09:02:52.723,0.17053118391729272
2026-01-20 10:01:34.361,0.16304081485447938
2026-01-20 11:00:17.597,0.21045501422964524
2026-01-20 12:03:37.305,0.21211540900003037
2026-01-20 13:02:24.983,0.24345350099898147
2026-01-20 14:02:46.734,0.04745575644121821
2026-01-20 15:01:40.530,0.49081597845504066
2026-01-20 16:01:18.127,0.4805816615612235
2026-01-20 17:01:59.119,0.43725129709357935
2026-01-20 18:01:35.369,0.4453852010521452
2026-01-20 19:01:54.313,0.3889860904424919
2026-01-20 20:01:03.081,0.5949785918640945
2026-01-20 21:02:17.596,0.7934021576244114
2026-01-20 22:02:11.242,0.7341512665589844
2026-01-20 23:00:48.918,0.8301736863990944
2026-01-21 00:02:11.161,0.671926177434874
2026-01-21 01:01:21.168,0.8285530756290298
2026-01-21 02:01:22.202,0.8891644713910479
2026-01-21 03:02:44.942,0.8547367044363944
2026-01-21 04:02:33.931,1.0354029038452164
2026-01-21 05:03:21.988,0.7932049313620207
2026-01-21 06:01:45.194,0.8790444392903146
2026-01-21 07:01:44.907,1.0422921991128873
2026-01-21 08:02:01.889,1.107974356306412
2026-01-21 09:01:08.038,1.3446257476644987
2026-01-21 10:01:07.284,1.1311640652862387
2026-01-21 11:01:13.058,0.8750899507726527
2026-01-21 12:01:02.286,1.0599030831645553
2026-01-21 13:00:47.327,0.8290206221728367
2026-01-21 14:01:24.302,0.8315943691155622
2026-01-21 15:01:21.807,1.3486286111134207
2026-01-21 16:02:33.248,1.5023223075009138
2026-01-21 17:03:28.901,0.7919514755549946
2026-01-21 18:02:34.254,0.6163463984489316
2026-01-21 19:03:07.604,0.6086265776440721
2026-01-21 20:01:05.891,1.2230242862991452
2026-01-21 21:01:49.404,1.338360630295943
2026-01-21 22:02:02.962,1.2608775577339921
2026-01-21 23:01:22.009,1.2129587236490638
2026-01-22 00:02:37.420,0.9896626661787832
2026-01-22 01:03:12.560,1.0939615663216562
2026-01-22 02:03:09.598,1.1315251744901973
2026-01-22 03:01:02.499,1.161881456815217
2026-01-22 04:00:58.480,1.2278619372588673
2026-01-22 05:01:49.918,0.9971418487640725
2026-01-22 06:01:32.737,0.8925345932714879
2026-01-22 07:02:04.116,1.4734652549369907
2026-01-22 08:00:34.251,1.458665878129981
2026-01-22 09:00:39.127,1.4135981550444852
2026-01-22 10:01:29.047,0.714327400077292
2026-01-22 11:01:15.175,0.6092392450122709
2026-01-22 12:01:14.646,0.6409252814599302
2026-01-22 13:01:20.711,0.7195390501645321
2026-01-22 14:01:17.682,0.9491242059782209
2026-01-22 15:01:28.665,0.6000803303621591
2026-01-22 16:01:54.474,0.8108102550976245
2026-01-22 17:01:26.969,0.9708485875775305
2026-01-22 18:02:35.983,1.2763260257981486
2026-01-22 19:00:13.540,0.8208352415322557
2026-01-22 20:01:09.567,1.0674033068571438
2026-01-22 21:02:08.426,0.6829041197647379
2026-01-22 22:01:43.819,0.8934289994210675
2026-01-22 23:01:38.094,0.7213952981517902
2026-01-23 00:02:34.579,0.5181217703593682
2026-01-23 01:02:36.135,0.6699789328884338
2026-01-23 03:02:31.541,0.9187423410015056
2026-01-23 04:01:28.307,1.1719971577486659
2026-01-23 05:01:42.201,1.5081206199263206
2026-01-23 06:01:53.268,1.7584889583301597
2026-01-23 07:03:22.768,1.4204977260738958
2026-01-23 08:01:46.271,1.3279888465223242
2026-01-23 09:01:48.760,0.9189263641096129
2026-01-23 10:01:43.845,1.1897386764869475
2026-01-23 11:02:59.878,0.9375692627413923
2026-01-23 12:01:25.235,1.6728277696223544
2026-01-23 13:01:23.309,1.4354627987824253
2026-01-23 14:01:45.005,1.328847734604656
2026-01-23 15:03:39.906,0.9536235328699084
2026-01-23 16:01:47.018,1.2210456225628619
2026-01-23 17:01:25.970,1.1690860787361004
2026-01-23 18:01:27.485,1.129995259011996
2026-01-23 19:01:07.680,1.0573522628060559
2026-01-23 20:01:57.719,0.706700010693325
2026-01-23 21:02:07.612,0.6456349541505966
2026-01-23 22:02:24.306,0.758249605762193
2026-01-23 23:02:11.668,1.0014341324075202
2026-01-24 00:01:14.279,0.8118674247060219
2026-01-24 01:01:57.944,0.8266574324099202
2026-01-24 02:00:15.079,0.8103927452258882
2026-01-24 03:00:54.453,0.9034891915511497
2026-01-24 04:00:57.745,1.1841006263825113
2026-01-24 05:00:56.688,1.5743691481740651
2026-01-24 06:02:27.071,1.2031463184143156
2026-01-24 07:01:57.330,1.0617848481293781
2026-01-24 08:01:14.343,0.7673478927868992
2026-01-24 09:01:25.804,0.8034171817067249
2026-01-24 10:03:21.509,1.1590036399043093
2026-01-24 11:00:53.186,1.4340452609232248
2026-01-24 12:00:29.626,1.0827025016474803
2026-01-24 13:01:19.955,0.8003142991601009
2026-01-24 14:01:24.223,1.0261357025926987
2026-01-24 15:00:03.412,1.1620985854419956
2026-01-24 16:00:28.898,0.8377742327176905
2026-01-24 17:02:18.423,0.845599457922583
2026-01-24 18:01:18.715,0.5347129032713107
2026-01-24 19:02:44.060,0.9540330033532082
2026-01-24 20:03:54.411,0.8206984740438552
2026-01-24 21:00:23.403,0.8137166965403665
2026-01-24 22:01:31.619,0.8186778277642226
2026-01-24 23:02:37.125,0.9629248304019131
2026-01-25 00:00:57.049,0.8640527823526482
2026-01-25 01:01:24.164,0.9377976134021188
2026-01-25 02:04:20.199,0.868618603377755
2026-01-25 03:02:59.650,0.8467991794159122
2026-01-25 04:03:55.570,0.6019953753535049
2026-01-25 05:03:00.518,0.6054516967984728
2026-01-25 06:02:41.170,0.7239851942427817
2026-01-25 07:02:37.885,0.6274529802805027
2026-01-25 08:01:52.445,0.7314172927519438
2026-01-25 09:02:15.436,0.4771797628362033
2026-01-25 10:02:14.659,0.6804773778756087
2026-01-25 11:00:55.148,0.5986349381991687
2026-01-25 12:02:11.649,0.5997871188834522
2026-01-25 13:01:39.925,0.4057421538051815
2026-01-25 14:01:42.563,0.4991852140238205
2026-01-25 15:01:38.412,0.3866244296192894
2026-01-25 16:01:51.718,0.4179948833189552
2026-01-25 17:01:48.473,0.3460503377996175
2026-01-25 18:00:33.961,0.47889382370316863
2026-01-25 19:02:44.862,0.4093860274459401
2026-01-25 20:03:48.728,0.26360179687264174
2026-01-25 21:03:26.461,0.2967217338264593
2026-01-25 22:02:00.837,0.23615527896115726
2026-01-25 23:01:39.948,0.20107070868299215
2026-01-26 00:01:13.026,0.29128179351364075
2026-01-26 01:02:42.052,0.4044950778438591
2026-01-26 02:03:45.818,0.6424840635460864
2026-01-26 03:03:50.902,0.6448820949093892
2026-01-26 04:02:56.604,0.6298000913452237
2026-01-26 05:03:24.298,0.8503975137818336
2026-01-26 06:03:04.999,0.8842196002581825
2026-01-26 07:02:27.733,1.0639509516092804
2026-01-26 08:02:41.848,1.2216873524107292
2026-01-26 09:01:09.858,1.2863488796993445
2026-01-26 10:01:12.483,1.8627924470079282
2026-01-26 11:01:40.563,1.861294786924727
2026-01-26 12:00:50.971,1.6933903738468628
2026-01-26 13:02:05.673,2.622839025849588
2026-01-26 14:01:19.719,2.051918228467305
2026-01-26 15:01:19.836,2.0889327514679525
2026-01-26 16:01:18.180,0.9351792585527242
2026-01-26 17:01:30.147,1.3855149965651072
2026-01-26 18:02:18.192,1.3340467826621607
2026-01-26 19:01:37.530,1.1896167742333592
2026-01-26 20:01:27.155,1.0988805738162863
2026-01-26 21:01:31.957,1.0518773677373074
2026-01-26 22:03:15.932,1.3836355690801254
2026-01-26 23:02:30.082,1.2623536056096212
2026-01-27 00:04:37.118,1.5037048599260014
2026-01-27 01:00:09.274,1.5332567779365802
2026-01-27 02:00:06.953,1.6046083010183196
2026-01-27 03:00:54.850,1.8937761522514884
2026-01-27 04:01:12.713,1.8125403986758644
2026-01-27 05:01:01.410,1.44398899265159
2026-01-27 06:01:30.360,1.891503048548338
2026-01-27 07:00:49.242,0.987189892211866
2026-01-27 08:00:45.451,1.3864093586020763
2026-01-27 09:01:08.347,0.9969031639889588
2026-01-27 10:01:05.612,0.8352656317373904
2026-01-27 11:01:16.369,0.9412558850188514
2026-01-27 12:01:14.424,0.5655438022022894
2026-01-27 13:01:23.905,0.6228835874886223
2026-01-27 14:01:41.302,0.5791000630925072
2026-01-27 15:01:41.388,0.4822022936750962
2026-01-27 16:01:51.638,0.7016033518682852
2026-01-27 17:01:29.752,1.3070257828562726
2026-01-27 18:01:31.589,0.7174304854763479
2026-01-27 19:01:04.265,1.0984161791078981
2026-01-27 20:01:53.848,1.3642315772557616
2026-01-27 21:00:51.892,2.1483246723504297
2026-01-27 22:02:27.262,2.044593474665976
2026-01-27 23:01:35.129,2.3387358049841396
2026-01-28 00:02:56.228,2.477106003559789
2026-01-28 01:01:28.196,2.6193561992358276
2026-01-28 02:02:00.058,2.326143732407298
2026-01-28 03:02:26.490,2.4215902073705093
2026-01-28 04:01:31.908,2.6784882497479767
2026-01-28 05:00:21.518,2.275522704503973
2026-01-28 06:02:17.332,2.325105865264433
2026-01-28 07:00:24.560,1.7744897238173996
2026-01-28 08:00:44.829,3.5623517899488744
2026-01-28 09:00:37.887,2.717622004609407
2026-01-28 10:00:49.814,2.8043386736332327
2026-01-28 11:01:26.248,1.3250029614084051
2026-01-28 12:00:29.211,1.322193766286243
2026-01-28 13:01:06.095,0.7307518995514171
2026-01-28 14:00:45.975,0.8013812962606717
2026-01-28 15:01:57.226,0.6673784414024969
2026-01-28 16:02:15.381,0.6134093920422723
2026-01-28 17:01:12.881,0.5777772689145149
2026-01-28 18:02:06.326,0.7401205402415975
2026-01-28 19:01:07.023,0.7898701832613905
2026-01-28 20:02:14.868,0.6626123410695695
2026-01-28 21:01:45.706,0.6159507648884338
2026-01-28 22:02:18.866,0.6259705461757895
2026-01-28 23:00:23.495,0.5892511554009734
2026-01-29 00:01:30.798,0.3167199457810993
2026-01-29 01:01:07.165,0.28699379627434307
2026-01-29 02:01:08.381,0.21158307018611724
2026-01-29 03:01:16.001,0.23314981558995243
2026-01-29 04:01:03.599,0.23603220729543767
2026-01-29 05:01:09.032,0.35984907926840787
2026-01-29 06:01:04.611,0.412781855254311
2026-01-29 07:01:04.748,0.6065652899761628
2026-01-29 08:01:06.033,0.45584569322450474
2026-01-29 09:01:43.084,0.46857378679332184
2026-01-29 10:02:10.259,0.3119152642464176
2026-01-29 11:01:45.239,0.3511766476192289
2026-01-29 12:02:05.748,0.3264807075825017
2026-01-29 13:02:06.896,0.28712100581486555
2026-01-29 14:01:05.524,0.3978434450561038
2026-01-29 15:02:06.656,0.35702157085507785
2026-01-29 16:00:05.301,0.2880173496664679
2026-01-29 17:01:40.094,0.5113121642291999
2026-01-29 18:01:24.161,0.41967245606160347
2026-01-29 19:02:17.545,0.2859347454262432
2026-01-29 20:01:52.145,0.27752200985200026
2026-01-29 21:01:33.060,0.24336213961739647
2026-01-29 22:00:44.697,0.25592291504227677
2026-01-29 23:01:39.980,0.24776364195601278
2026-01-30 00:00:02.929,0.25254370398546
2026-01-30 01:02:26.515,0.23378627533458785
2026-01-30 02:01:48.136,0.19349034963849773
2026-01-30 03:02:10.429,0.19027717537254724
2026-01-30 04:01:48.237,0.1432633274213253
2026-01-30 05:01:10.905,0.285176365041988
2026-01-30 06:01:48.054,0.3631861359461616
2026-01-30 07:01:28.908,0.2048605831899445
2026-01-30 08:01:24.528,0.3121464269827418
2026-01-30 09:01:31.844,0.35151042143180816
2026-01-30 10:00:00.193,0.38719916065098386
2026-01-30 11:01:11.437,0.3988428705709429
2026-01-30 12:00:30.698,0.4187619186134187
2026-01-30 13:00:25.269,0.43075668798884903
2026-01-30 14:03:07.223,0.43347643246780726
2026-01-30 15:01:03.488,0.600159902193925
2026-01-30 16:01:34.614,1.2778098772003987
2026-01-30 17:01:23.418,1.5709115566288958
2026-01-30 18:01:42.578,1.2976808665370865
2026-01-30 19:00:41.210,1.367822822050389
2026-01-30 20:00:15.356,1.731793054751314
2026-01-30 21:01:26.463,1.6403873385957173
2026-01-30 22:00:38.145,1.5787118255984702
2026-01-30 23:02:18.763,1.4541893607518146
2026-01-31 00:03:22.136,1.5120160231890192
2026-01-31 01:01:26.699,1.240495989712624
2026-01-31 02:02:00.274,1.21712743081566
2026-01-31 03:01:50.097,1.2145332345454625
2026-01-31 04:01:23.511,1.2720539661226962
2026-01-31 05:01:22.272,1.0486745762478897
2026-01-31 06:01:28.028,0.8561998421555109
2026-01-31 07:01:04.199,0.6821024733896525
2026-01-31 08:00:59.663,0.7320826895215884
2026-01-31 09:01:58.015,0.391381114540244
2026-01-31 10:02:02.046,0.21799381864647943
2026-01-31 11:02:26.917,0.28909417594507764
2026-01-31 12:00:26.586,0.2723558964275656
2026-01-31 13:03:05.625,0.2606904978579515
2026-01-31 14:02:45.539,0.14945245936742915
2026-01-31 15:00:34.508,0.08012283354280614
2026-01-31 16:01:49.460,0.20983565895975095
2026-01-31 17:02:04.603,0.19515232331400553
2026-01-31 18:02:05.179,0.14884599730634318
2026-01-31 19:01:13.654,0.1429196920565772
2026-01-31 20:00:56.717,0.35200494613433314
2026-01-31 21:02:59.629,0.34254558891932674
2026-01-31 22:03:17.325,0.39345851914083096
2026-01-31 23:02:09.195,0.3865254167511495
2026-02-01 00:03:01.947,0.525127161187818
2026-02-01 01:02:21.769,0.5738031999110108
2026-02-01 02:01:09.634,0.519379157887458
2026-02-01 03:00:46.145,0.6103354784813204
2026-02-01 04:02:24.312,0.6452225209267117
2026-02-01 05:02:28.642,1.1026969822786556
2026-02-01 06:03:09.281,0.8077914010926772
2026-02-01 07:01:05.779,0.9424592574743436
2026-02-01 08:02:10.245,1.6227353740029737
2026-02-01 09:00:38.190,1.8700061688260443
2026-02-01 10:00:37.668,1.1016418020736793
2026-02-01 11:00:41.105,1.0689196837493822
2026-02-01 12:00:41.283,1.1878553464996688
2026-02-01 13:03:02.674,1.317448157769701
2026-02-01 14:02:16.396,0.7191792664096227
2026-02-01 15:01:05.477,0.5473650797412863
2026-02-01 16:01:32.047,0.4270799911993154
2026-02-01 17:00:04.775,0.3374651405068443
2026-02-01 18:02:08.354,0.32861408311922585
2026-02-01 19:02:11.572,0.47161589866413156
2026-02-01 20:02:58.956,0.44675026037476456
2026-02-01 21:00:50.839,0.4356384949707575
2026-02-01 22:00:54.298,0.4229770055183254
2026-02-01 23:01:26.209,0.49448040647247943
2026-02-02 00:02:14.217,0.444404256957559
2026-02-02 01:01:28.500,0.9725576869834941
2026-02-02 02:01:50.661,0.8622873596258498
2026-02-02 03:01:42.341,0.723761041949416
2026-02-02 04:01:49.601,0.7300317608544364
2026-02-02 05:01:37.515,0.8298286043913248
2026-02-02 06:01:44.955,0.919080639356667
2026-02-02 07:02:47.985,1.2426091032495563
2026-02-02 08:02:04.051,1.3748300909712745
2026-02-02 09:02:14.259,1.1258491363157122
2026-02-02 10:03:04.049,1.4719113223808287
2026-02-02 11:03:24.600,1.5758625285629881
2026-02-02 12:02:38.092,1.7329092430851805
2026-02-02 13:02:40.620,1.6545477493177558
2026-02-02 14:03:27.534,2.0899949313056805
2026-02-02 15:02:11.605,1.370320733185622
2026-02-02 16:02:12.878,1.4295534006994366
2026-02-02 17:04:33.462,2.1237904801660856
2026-02-02 18:03:39.506,2.0980803290794707
2026-02-02 19:04:22.797,1.9330706325019018
2026-02-02 20:03:36.809,3.908033511006426
2026-02-02 21:01:57.484,1.7390688987506686
2026-02-02 22:03:05.735,1.3060834726443615
2026-02-02 23:02:17.726,1.8793895887263912
2026-02-03 00:02:03.877,1.3016019547240012
2026-02-03 01:02:06.760,0.7629541943366281
2026-02-03 02:00:44.986,0.5792296045096204
2026-02-03 03:02:51.643,0.24765503016029075
2026-02-03 04:02:15.123,0.6243063320407237
2026-02-03 05:02:26.808,0.9609317294026521
2026-02-03 06:03:11.668,0.7207083944786503
2026-02-03 07:01:28.754,0.7104476265380475
2026-02-03 08:01:13.645,0.7614404617946563
2026-02-03 09:01:49.299,0.8278779715332107
2026-02-03 10:01:52.908,0.7733129161920751
2026-02-03 11:02:12.206,0.8227299504056451
2026-02-03 12:01:31.926,0.8730494197001875
2026-02-03 13:01:30.716,0.8957081334475964
2026-02-03 14:01:26.933,0.9643388287325906
2026-02-03 15:01:22.581,0.7627258345151114
2026-02-03 16:01:55.741,1.263592108745972
2026-02-03 17:01:42.596,1.3266019617927551
2026-02-03 18:00:54.085,0.6970228585206573
2026-02-03 19:00:06.961,0.45126410358343727
2026-02-03 20:02:21.886,0.9098286338264101
2026-02-03 21:02:47.954,1.3356781885556688
2026-02-03 22:01:21.995,1.1289059319682921
2026-02-03 23:01:59.837,0.8831929908452558
2026-02-04 00:01:46.100,0.8676777352417985
2026-02-04 01:00:32.429,0.9058787174872486
2026-02-04 02:01:12.187,0.9044163160724921
2026-02-04 03:01:53.282,0.7848987362033696
2026-02-04 04:01:39.950,0.8944996519666514
2026-02-04 05:00:18.408,1.0916332929605213
2026-02-04 06:00:25.122,0.8254175906557815
2026-02-04 07:00:24.913,1.1218298522102348
2026-02-04 08:00:21.814,1.4897619978288832
2026-02-04 09:00:46.015,1.6495350949652678
2026-02-04 10:01:47.655,1.0748480881517326
2026-02-04 11:01:53.260,0.5426461852879368
2026-02-04 12:01:41.245,0.5999161082086287
2026-02-04 13:02:10.551,0.9479389113222191
2026-02-04 14:02:12.136,0.7693817968930508
2026-02-04 15:01:47.034,0.6994680853985485
2026-02-04 16:02:28.057,0.5766618412797331
2026-02-04 17:04:31.446,0.6136858655538284
2026-02-04 18:01:52.325,0.29734261423882713
2026-02-04 19:01:53.196,0.8541927906100771
2026-02-04 20:03:08.330,1.342434278391205
2026-02-04 21:01:27.166,0.9460551074533761
2026-02-04 22:01:13.425,0.8089040378043346
2026-02-04 23:02:09.324,0.7923744335529043
2026-02-05 00:00:55.496,0.9742975945194228
2026-02-05 01:00:00.895,0.9128289589579014
2026-02-05 02:01:46.893,0.9765685395566824
2026-02-05 03:02:38.102,0.8739209479645808
2026-02-05 04:03:07.326,1.1192148145841334
2026-02-05 05:03:06.494,0.897647922032467
2026-02-05 06:02:23.422,0.879882967903244
2026-02-05 07:03:06.245,0.8139422915245145
2026-02-05 08:01:59.164,0.8771556360513246
2026-02-05 09:02:31.076,0.5350886563929591
2026-02-05 10:02:45.057,0.2461446937066172
2026-02-05 11:02:41.313,0.22107394764786892
2026-02-05 12:03:29.145,0.21742911467793122
2026-02-05 13:03:04.900,0.3218263582755857
2026-02-05 14:02:43.145,0.1741577165551898
2026-02-05 15:00:11.786,0.28578947447165953
2026-02-05 16:02:46.222,0.24357861939679862
2026-02-05 17:03:13.780,0.3117214792415716
2026-02-05 18:03:01.800,0.24860231441777672
2026-02-05 19:02:39.349,0.25132398849521626
2026-02-05 20:02:51.405,0.24637189338096246
2026-02-05 21:03:15.661,0.24499486994712075
2026-02-05 22:02:54.222,0.2234329694183428
2026-02-05 23:02:55.876,0.22011959199413342
2026-02-06 00:02:36.443,0.21838262973301023
2026-02-06 01:01:29.825,0.2342336350434336
2026-02-06 02:01:17.190,0.4768254474417039
2026-02-06 03:00:20.389,0.34707306903136653
2026-02-06 04:02:53.576,0.37605650156498627
2026-02-06 05:02:53.807,0.2960501645821219
2026-02-06 06:01:17.947,0.600818161562896
2026-02-06 07:04:07.779,0.46681780821607777
2026-02-06 08:03:07.312,0.6207112088073234
2026-02-06 09:03:00.537,0.7728542313771718
2026-02-06 10:03:12.192,0.9768574741653364
2026-02-06 11:02:57.246,1.595923466770631
2026-02-06 12:03:12.244,2.076672340694769
2026-02-06 13:03:17.628,1.8727802967507452
2026-02-06 14:02:40.159,2.006025041092745
2026-02-06 15:00:48.700,2.546961046314166
2026-02-06 16:03:28.157,1.8857240597187246
2026-02-06 17:01:44.149,3.7631470802403095
2026-02-06 18:02:25.034,3.989595881169289
2026-02-06 19:02:44.474,2.8472101752540446
2026-02-06 20:01:15.199,2.277752442084385
2026-02-06 21:02:31.874,2.9892302426198336
2026-02-06 22:03:17.464,3.4947148176893092
2026-02-06 23:02:16.208,3.6625021363452577
2026-02-07 00:02:42.039,2.3929639268157974
2026-02-07 01:02:59.435,1.6310984116434197
2026-02-07 02:02:52.372,0.9168248569317871
2026-02-07 03:03:42.235,1.055867769171002
2026-02-07 04:02:25.702,1.1194313935800195
2026-02-07 05:03:18.348,0.955066068721389
2026-02-07 06:03:29.475,0.9598389756464144
2026-02-07 07:02:52.551,0.482129040658188
2026-02-07 08:00:50.581,0.42538403738986735
2026-02-07 09:00:49.665,0.5008646362831318
2026-02-07 10:00:54.363,0.49430109066940575
2026-02-07 11:01:02.781,0.5475071989908554
2026-02-07 12:00:19.025,0.40359263324640404
2026-02-07 13:02:11.606,0.5795879264073063
2026-02-07 14:01:10.416,0.7169274905334604
2026-02-07 15:03:04.485,0.7669866194975637
2026-02-07 16:03:59.041,1.621015190502165
2026-02-07 17:03:34.359,1.4198569078927628
2026-02-07 18:03:07.984,1.1739364440664402
2026-02-07 19:03:21.403,1.3446217373238396
2026-02-07 20:03:22.956,1.1877212846311505
2026-02-07 21:03:02.790,1.732270275719557
2026-02-07 22:02:06.023,2.244499670982206
2026-02-07 23:03:05.185,2.3398026739577036
2026-02-08 00:03:14.179,2.3926251606066455
2026-02-08 01:03:04.980,2.2655465337652463
2026-02-08 02:03:54.661,2.110454250399096
2026-02-08 03:04:34.957,0.9429867577423425
2026-02-08 04:04:36.508,0.8694115067028361
2026-02-08 05:04:13.647,1.0293275765482255
2026-02-08 06:04:20.758,0.44512224827041186
2026-02-08 07:04:31.327,0.4493996948226421
2026-02-08 08:04:32.879,0.5339101140804123
2026-02-08 09:02:53.492,0.6879167993415163
2026-02-08 10:02:06.763,0.7446233250783754
2026-02-08 11:03:39.547,0.5033558892082707
2026-02-08 12:03:51.632,0.99829053907968
2026-02-08 13:02:20.806,0.9295236775009421
2026-02-08 14:04:05.655,0.9399598714609579
2026-02-08 15:04:25.884,1.2071624319738419
2026-02-08 16:03:07.196,0.9555538867160922
2026-02-08 17:02:55.796,0.8437850319016608
2026-02-08 18:03:44.734,1.0846068868770784
2026-02-08 19:03:21.553,1.2515994593326634
2026-02-08 20:03:15.032,1.3942912399026923
2026-02-08 21:04:33.526,1.084274043758224
2026-02-08 22:04:47.534,0.9485833739961397
2026-02-08 23:03:38.005,0.7661348375853504
2026-02-09 00:03:43.504,0.8060088594654499
2026-02-09 01:04:03.314,0.8010891289676152
2026-02-09 02:03:35.490,0.6092406106130723
2026-02-09 03:03:23.255,0.7251613595748047
2026-02-09 04:03:41.470,0.7807860745449234
2026-02-09 05:03:25.571,0.6116630336325706
2026-02-09 06:03:36.004,0.7956084044701353
2026-02-09 07:03:35.443,0.9701942688750212
2026-02-09 08:04:33.325,0.653232542748453
2026-02-09 09:00:04.730,0.3556302500029674
2026-02-09 10:00:04.838,0.29669976912263896
2026-02-09 11:03:45.013,0.3058148181425252
2026-02-09 12:03:55.154,0.3680430280414374
2026-02-09 13:03:43.176,0.40187101729998026
2026-02-09 14:03:47.287,0.39019609393953963
2026-02-09 15:04:24.642,0.6597640369987805
2026-02-09 16:04:29.590,0.7719189018265942
2026-02-09 17:03:19.845,0.8293985666930195
2026-02-09 18:01:09.581,0.9603171009535205
2026-02-09 19:03:13.526,0.8995186794494499
2026-02-09 20:03:54.581,0.9162556069773883
2026-02-09 21:03:54.520,1.0733618800275737
2026-02-09 22:04:34.568,1.123008714810232
2026-02-09 23:04:33.680,1.5536621099257208
2026-02-10 00:03:15.798,1.8949524506653763
2026-02-10 01:04:56.722,2.6647307617882134
2026-02-10 02:03:57.625,2.871835946684052
2026-02-10 03:03:37.455,2.2526410516952255
2026-02-10 04:03:14.483,1.687389978092157
2026-02-10 05:04:08.173,1.5730971258950632
2026-02-10 06:03:47.882,0.9505703953945281
2026-02-10 07:03:44.282,0.5536894605106647
2026-02-10 08:00:41.372,0.3771918768473099
2026-02-10 09:00:20.660,0.43939468845322427
2026-02-10 10:00:36.270,0.38318714193957376
2026-02-10 11:02:24.112,0.363949026434705
2026-02-10 12:03:41.104,0.39453340231434086
2026-02-10 13:03:07.726,0.37391766494205575
2026-02-10 14:02:26.124,0.48483740426491406
2026-02-10 15:00:40.433,0.5149513712108469
2026-02-10 16:02:40.840,0.4332662687855785
2026-02-10 17:03:05.471,0.4439406779245173
2026-02-10 18:01:54.529,0.612242784088913
2026-02-10 19:02:34.726,0.2275928882961348
2026-02-10 20:00:33.373,0.42708682146910026
2026-02-10 21:02:50.100,0.7176693425521993
2026-02-10 22:03:25.992,0.5270564751141927
2026-02-10 23:03:22.378,0.5253607444726418
2026-02-11 00:00:13.960,0.34100760519662665
2026-02-11 01:02:08.949,0.33236940371320756
2026-02-11 02:04:12.582,0.4787110459430466
2026-02-11 03:00:21.247,0.4061028159088772
2026-02-11 04:01:47.936,0.3073280163923434
2026-02-11 05:02:52.839,0.2822408363349124
2026-02-11 06:03:01.379,0.27003135487601404
2026-02-11 07:02:42.975,0.21706858061770037
2026-02-11 08:03:23.050,0.2152028067964851
2026-02-11 09:03:36.257,0.2756139966915505
2026-02-11 10:03:20.322,0.19801411179038417
2026-02-11 11:03:12.221,0.1786640080222734
2026-02-11 12:03:45.415,0.2312050121753193
2026-02-11 13:02:45.505,0.2247278082230255
2026-02-11 14:03:28.834,0.5679378038290508
2026-02-11 15:03:18.968,0.5022734799542463
2026-02-11 16:02:28.177,0.32590745507866437
2026-02-11 17:02:27.463,0.34102185002890045
2026-02-11 18:03:37.358,0.4546641711089052
2026-02-11 19:02:56.410,0.5536620521861345
2026-02-11 20:03:26.280,0.5762716666335479
2026-02-11 21:03:31.833,0.680458862395346
2026-02-11 22:03:11.684,0.8743313466645806
2026-02-11 23:03:43.851,0.6173873835547319
2026-02-12 00:03:14.942,0.5132598371355546
2026-02-12 01:03:05.864,0.7347841736318165
2026-02-12 02:02:44.944,0.8182891995849871
2026-02-12 03:02:17.755,0.8157444606423452
2026-02-12 04:03:00.699,0.7381397961288837
2026-02-12 05:02:26.654,0.8444513458739729
2026-02-12 06:03:35.181,1.1016010378579517
2026-02-12 07:02:27.937,1.5522905127713778
2026-02-12 08:01:16.408,1.658517742203139
2026-02-12 09:00:05.147,1.2982955182835494
2026-02-12 10:00:22.567,1.4128562113805825
2026-02-12 11:04:00.945,1.9939234969283397
2026-02-12 12:03:05.853,1.8384890254644028
2026-02-12 13:00:31.847,2.7204112031944567
2026-02-12 14:02:56.056,4.452262591489516
2026-02-12 15:00:43.728,3.959739769328307
2026-02-12 16:00:28.451,2.3776816888544334
2026-02-12 17:00:27.306,1.2491328691250614
2026-02-12 18:00:29.120,1.2402654618887885
2026-02-12 19:03:07.728,1.2906397473988038
2026-02-12 20:00:58.123,1.2788859741502387
2026-02-12 21:00:14.014,0.9625104885517173
2026-02-12 22:03:56.660,0.833998917323775
2026-02-12 23:02:13.236,1.3995629164001042
2026-02-13 00:01:57.760,1.2304815867402679
2026-02-13 01:02:10.872,0.9335696970915593
2026-02-13 02:02:18.557,0.9477697514928137
2026-02-13 03:03:35.732,1.219060942016223
2026-02-13 04:04:00.605,0.9671510163745501
2026-02-13 05:03:18.924,0.7927882483728153
2026-02-13 06:02:05.963,0.8370799005350632
2026-02-13 07:01:16.952,1.6745534382809222
2026-02-13 08:01:57.102,1.417188108657964
2026-02-13 09:02:03.015,1.6251264844441609
2026-02-13 10:00:08.332,1.4187158749342357
2026-02-13 11:00:20.243,2.081392624359031
2026-02-13 12:01:41.860,1.5625073163316678
2026-02-13 13:02:39.033,0.7413924734619037
2026-02-13 14:02:29.889,0.9763514942293693
2026-02-13 15:02:36.161,1.49368223572284
2026-02-13 16:02:25.449,1.2938840226686115
2026-02-13 17:01:58.234,2.002179590221858
2026-02-13 18:00:12.728,1.919965006107427
2026-02-13 19:03:29.162,3.550989197218755
2026-02-13 20:03:32.772,4.510312212726184
2026-02-13 21:03:49.405,4.528774102084214
2026-02-13 22:03:51.518,5.003362639285095
2026-02-13 23:02:21.396,2.8994016014421087
2026-02-14 00:01:35.305,2.963255122552786
2026-02-14 01:01:34.983,2.885091542031676
2026-02-14 02:01:20.998,4.243814544316222
2026-02-14 03:01:33.183,4.884989589226617
2026-02-14 04:00:25.281,4.806065521831318
2026-02-14 05:00:25.100,2.1911413515384757
2026-02-14 06:00:24.704,2.3476945961584814
2026-02-14 07:03:09.182,1.2824346819446835
2026-02-14 08:03:24.970,1.7353785492397185
2026-02-14 09:03:42.548,1.7518196777634965
2026-02-14 10:02:29.396,1.676343561122105
2026-02-14 11:03:49.721,1.2575959415747302
2026-02-14 12:01:44.509,1.7030837796474043
2026-02-14 13:01:59.773,1.4349608770138345
2026-02-14 14:03:29.435,1.2483006202407705
2026-02-14 15:03:30.652,1.6503070159285924
2026-02-14 16:03:04.293,1.7164297493546172
2026-02-14 17:02:43.641,1.8090656887784953
2026-02-14 18:03:29.896,2.2390762035717096
2026-02-14 19:00:49.995,4.835034971993568
2026-02-14 20:03:20.732,5.356685520009501
2026-02-14 21:00:12.626,5.421614600245259
2026-02-14 22:00:10.372,4.717949578160991
2026-02-14 23:02:45.177,5.332236820968283
2026-02-15 00:03:42.654,4.093336628101458
2026-02-15 01:03:13.317,4.073930404367629
2026-02-15 02:02:12.000,3.5025670219530913
2026-02-15 03:01:57.413,5.483395020942624
2026-02-15 04:03:56.499,5.8743643567107835
2026-02-15 05:02:48.765,2.817467681670903
2026-02-15 06:02:42.775,2.3679977145334883
2026-02-15 07:03:41.338,2.241800171328586
2026-02-15 08:02:33.401,1.9082957653015635
2026-02-15 09:03:24.855,0.8622333365089135
2026-02-15 10:02:31.140,0.7658450789560377
2026-02-15 11:02:41.082,0.7486796128920645
2026-02-15 12:02:40.248,0.8183111336397025
2026-02-15 13:03:36.296,0.24287008273008057
2026-02-15 14:03:22.214,0.2205620659404773
2026-02-15 15:03:35.692,0.34880041341535556
2026-02-15 16:00:01.850,0.35344480084483615
2026-02-15 17:02:22.936,0.2414251244901897
2026-02-15 18:03:56.320,0.21362993982934578
2026-02-15 19:02:07.139,0.24929223336828146
2026-02-15 20:03:10.589,0.26255828213720894
2026-02-15 21:00:58.188,0.2597093729517371
2026-02-15 22:02:38.046,0.29386489308591573
2026-02-15 23:04:16.376,0.3367380791910214
2026-02-16 00:01:27.221,0.32054666933214376
2026-02-16 01:01:53.229,0.3591889444461436
2026-02-16 02:03:03.876,0.3134465045029517
2026-02-16 03:02:57.163,0.4799833321400157
2026-02-16 04:02:43.050,0.7684139091726501
2026-02-16 05:01:42.024,0.5355803584893238
2026-02-16 06:02:09.646,0.5315871267236288
2026-02-16 07:03:48.518,0.8251306527153034
2026-02-16 08:02:53.818,1.8292829206797734
2026-02-16 09:03:00.747,2.552573744288923
2026-02-16 10:02:28.003,4.465144552554405
2026-02-16 11:02:36.686,3.648378639503865
2026-02-16 12:01:10.941,1.9190243760790617
2026-02-16 13:02:23.868,3.665644966854235
2026-02-16 14:03:39.888,0.903112724118286
2026-02-16 15:03:44.092,1.0330778055992835
2026-02-16 16:00:16.755,0.8033847618011993
2026-02-16 17:03:51.136,0.8941207105782625
2026-02-16 18:03:06.462,0.863651205794752
2026-02-16 19:03:38.953,0.8861760728517926
2026-02-16 20:03:26.685,0.9183493093641226
2026-02-16 21:03:40.915,1.0894252699269735
2026-02-16 22:00:22.475,1.2056017585244163
2026-02-16 23:02:29.664,1.1259391245867163
2026-02-17 00:02:38.397,0.9615088015362007
2026-02-17 01:01:49.800,0.9560057496681912
2026-02-17 02:02:11.692,1.011698551296257
2026-02-17 03:02:12.099,0.8296626274899421
2026-02-17 04:01:52.717,1.4979535239204813
2026-02-17 05:02:04.691,1.0611542748409857
2026-02-17 06:02:21.707,1.4973025414757077
2026-02-17 07:02:13.780,1.2702020130984426
2026-02-17 08:01:02.123,1.1192018050751462
2026-02-17 09:02:58.384,0.8807489553504151
2026-02-17 10:02:49.890,0.7504995397103186
2026-02-17 11:00:29.389,0.2739337172031988
2026-02-17 12:01:33.020,0.34419275564821816
2026-02-17 13:02:03.330,0.34681388857337964
2026-02-17 14:01:38.600,0.5050215107789525
2026-02-17 15:00:13.768,0.4002786229783119
2026-02-17 16:00:26.451,0.5623418460904834
2026-02-17 17:01:05.539,0.6730482148816549
2026-02-17 18:02:25.975,0.6787026764576503
2026-02-17 19:00:57.762,1.0443222617035233
2026-02-17 20:04:32.903,1.0146049272956017
2026-02-17 21:02:03.674,0.9908749959663888
2026-02-17 22:03:51.592,1.1008236075917779
2026-02-17 23:03:19.308,1.0392761513453488
2026-02-18 00:02:51.653,1.1093510415546959
2026-02-18 01:02:43.482,1.26906638242782
2026-02-18 02:02:18.315,0.9620266354109893
2026-02-18 03:01:44.817,1.0104353953278675
2026-02-18 04:02:37.453,0.8774922583072371
2026-02-18 05:01:29.549,1.1806341969748937
2026-02-18 06:01:49.678,1.02201605752686
2026-02-18 07:02:55.604,0.7116790337348537
2026-02-18 08:01:08.653,1.103634698923951
2026-02-18 09:00:01.554,0.6698422446409982
2026-02-18 10:02:35.289,1.2221564769390412
2026-02-18 11:02:24.650,0.9497300404888095
2026-02-18 12:02:48.506,0.7398423261315679
2026-02-18 13:00:26.335,0.7773818983247245
2026-02-18 14:01:16.316,0.6434579846854972
2026-02-18 15:01:17.203,0.9383226048029781
2026-02-18 16:00:00.308,1.4754451408944902
2026-02-18 17:02:33.076,0.8472209464041748
2026-02-18 18:01:51.242,0.6913722278776818
2026-02-18 19:02:09.730,0.6525783174637806
2026-02-18 20:01:52.389,0.5921919343839659
2026-02-18 21:02:07.083,0.5757845269209932
2026-02-18 22:02:03.331,0.43437536268186855
2026-02-18 23:02:24.205,0.3821740884583461
2026-02-19 00:01:22.546,0.21304364376332924
2026-02-19 01:02:22.221,0.24330827707917477
2026-02-19 02:02:35.669,0.44298837117474216
2026-02-19 03:02:42.038,0.48626858042229765
2026-02-19 04:00:22.549,0.6179527830902032
2026-02-19 05:00:23.965,0.5380323664606101
2026-02-19 06:00:20.993,0.2676772595500961
2026-02-19 07:00:25.388,0.5313310866835534
2026-02-19 08:00:25.322,0.762380300462679
2026-02-19 09:00:23.471,0.5855550840391296
2026-02-19 10:00:27.697,0.5800858564864823
2026-02-19 11:00:25.233,0.5044803103698475
2026-02-19 12:00:26.425,0.49983541117232894
2026-02-19 13:00:26.228,0.42369123959953536
2026-02-19 14:00:22.296,0.37931769559293405
2026-02-19 15:02:22.181,0.6785165146231198
2026-02-19 16:02:17.508,0.2810625656956783
2026-02-19 17:01:33.567,0.2593257565239226
2026-02-19 18:01:30.033,0.22057907406849098
2026-02-19 19:01:59.412,0.4397016072568164
2026-02-19 20:02:12.491,0.5314881389077587
2026-02-19 21:01:30.535,0.5233416895022228
2026-02-19 22:01:15.589,0.5159557251900594
2026-02-19 23:03:36.081,0.6043079548316047
2026-02-20 00:02:50.424,0.6380237702483171
2026-02-20 01:01:50.577,0.8851348792527981
2026-02-20 02:02:07.726,0.9560886442321602
2026-02-20 03:00:30.853,1.0586782319540953
2026-02-20 04:00:42.416,1.5232196361581225
2026-02-20 05:00:42.670,0.8840010688105155
2026-02-20 06:00:31.700,1.9522893754341206
2026-02-20 07:02:49.744,2.1970885986089903
2026-02-20 08:03:26.929,2.094597166017281
2026-02-20 09:03:05.569,1.5497690517289318
2026-02-20 10:01:08.318,1.6792871541215182
2026-02-20 11:03:27.911,1.888649851324916
2026-02-20 12:00:08.809,1.2656254995519336
2026-02-20 13:03:49.511,1.3652105177950682
2026-02-20 14:02:51.560,0.7998746278568825
2026-02-20 15:01:37.887,0.9164055793534397
2026-02-20 16:03:29.744,1.4935782727457099
2026-02-20 17:01:28.115,1.5915175189940187
2026-02-20 18:02:16.468,1.331435675669515
2026-02-20 19:02:27.934,1.5534673782360715
2026-02-20 20:00:43.420,1.2439888302794726
2026-02-20 21:00:49.832,1.2059904145451528
2026-02-20 22:02:38.187,1.451805092698919
2026-02-20 23:02:30.714,1.422648243361872
2026-02-21 00:01:17.376,1.200748492592682
2026-02-21 01:01:16.724,0.8816485908939137
2026-02-21 02:02:28.376,1.209591093539701
2026-02-21 03:02:10.791,1.3232350196957405
2026-02-21 04:02:45.215,1.8172443956688777
2026-02-21 05:01:59.228,1.515558131316037
2026-02-21 06:02:07.292,0.7780908400059592
2026-02-21 07:02:24.355,0.6175234058911842
2026-02-21 08:02:23.316,0.7643127083167011
2026-02-21 09:02:03.450,1.0744341076841586
2026-02-21 10:02:05.413,1.33047068548058
2026-02-21 11:02:05.367,1.4124813466402646
2026-02-21 12:02:20.070,1.2533271578923204
2026-02-21 13:01:11.963,0.9744830914503954
2026-02-21 14:01:24.986,1.2406214708978238
2026-02-21 15:01:25.083,2.5133903123883083
2026-02-21 16:01:18.443,1.3781761365749343
2026-02-21 17:03:15.247,0.9142762123652751
2026-02-21 18:01:58.767,1.2341359401376018
2026-02-21 19:03:17.401,1.3326829381535306
2026-02-21 20:02:11.535,1.0546021578126887
2026-02-21 21:02:23.251,0.9850756187183004
2026-02-21 22:03:31.733,1.0458229397364103
2026-02-21 23:02:52.745,0.641520041175969
2026-02-22 00:02:08.645,0.521145826104553
2026-02-22 01:02:45.001,0.44771740345089805
2026-02-22 02:02:17.300,0.4244666672043753
2026-02-22 03:02:44.932,0.37696398621821914
2026-02-22 04:03:31.768,0.2918705427188474
2026-02-22 05:02:51.169,0.21714692171082814
2026-02-22 06:00:24.029,0.23558556026810668
2026-02-22 07:00:17.554,0.4272685176377876
2026-02-22 08:03:50.472,0.38645198421478855
2026-02-22 09:01:40.616,0.2406646864971823
2026-02-22 10:00:43.731,0.43489758162842856
2026-02-22 11:02:50.458,0.6143776569536273
2026-02-22 12:03:24.725,0.49329047504472784
2026-02-22 13:02:28.317,0.3801805289684057
2026-02-22 14:02:50.018,0.38576941722430813
2026-02-22 15:03:14.719,0.4144432851679106
2026-02-22 16:02:55.866,0.5105865192833295
2026-02-22 17:00:33.237,0.6014589689246876
2026-02-22 18:00:44.782,0.5220068186385008
2026-02-22 19:02:39.611,0.5339866999415492
2026-02-22 20:03:29.975,0.5635046264155712
2026-02-22 21:03:14.635,0.37228498990293657
2026-02-22 22:04:06.924,0.4716747524463349
2026-02-22 23:02:52.545,0.5123530691362951
2026-02-23 00:03:36.472,0.33095758057615793
2026-02-23 01:02:54.712,0.20310844470737796
2026-02-23 02:00:33.470,0.10612378607255449
2026-02-23 03:00:29.234,0.11574824866825333
2026-02-23 04:00:39.885,0.12106364712834702
2026-02-23 05:00:40.585,0.10731632064916408
2026-02-23 06:00:33.190,0.1299174373200777
2026-02-23 07:00:40.500,0.309683065629247
2026-02-23 08:01:04.707,0.28633089770953263
2026-02-23 09:01:13.451,0.2689101783289733
2026-02-23 10:01:28.893,0.36574531006455635
2026-02-23 11:02:24.628,0.30510538465656845
2026-02-23 12:02:10.714,0.3157615960216733
2026-02-23 13:02:30.483,0.35257388537988504
2026-02-23 14:02:32.657,0.35036176079231435
2026-02-23 15:02:41.313,0.3591738133340626
2026-02-23 16:03:49.827,0.5021591609059204
2026-02-23 17:03:53.906,0.509616896754616
2026-02-23 18:00:22.024,0.4495098925358676
2026-02-23 19:03:09.997,0.6273483413411621
2026-02-23 20:02:19.297,0.5275594843777767
2026-02-23 21:03:43.073,0.3905877885275121
2026-02-23 22:01:21.917,0.44152606621365786
2026-02-23 23:02:45.259,0.42627489082576486
2026-02-24 00:02:45.842,0.27669845243928093
2026-02-24 01:03:38.851,0.3807842057678013
2026-02-24 02:02:49.070,0.24533569331942465
2026-02-24 03:02:57.935,0.15413512726885847
2026-02-24 04:02:40.582,0.16016754195680397
2026-02-24 05:03:34.418,0.17750801311890768
2026-02-24 06:03:08.522,0.2078719783442535
2026-02-24 07:02:23.167,0.2100624495036923
2026-02-24 08:02:46.992,0.2832991145884584
2026-02-24 09:03:37.411,0.2603480919520625
2026-02-24 10:03:23.659,0.33094182585857934
2026-02-24 11:04:12.991,0.22877858020521774
2026-02-24 12:04:10.785,0.27291646191444846
2026-02-24 13:02:53.735,0.4170797952932773
2026-02-24 14:03:29.489,0.6434679487678338
2026-02-24 15:03:04.457,0.9681803142032944
2026-02-24 16:02:23.255,1.7741793147494773
2026-02-24 17:03:28.679,4.136327190404617
2026-02-24 18:03:17.310,3.9712039381092787
2026-02-24 19:02:27.907,4.44048442880256
2026-02-24 20:02:26.756,7.087352610760922
2026-02-24 21:03:06.257,58.46303661445169
2026-02-24 22:02:48.753,11.383979157856007
2026-02-24 23:02:29.598,10.009291949261419
2026-02-25 00:03:09.982,9.996282235411254
2026-02-25 01:02:51.751,11.485426393648156
2026-02-25 02:04:29.136,20.091058991209426
2026-02-25 03:02:18.006,3.7331468140797446
2026-02-25 04:01:54.616,2.767180679653101
2026-02-25 05:01:35.300,2.6552149832851524
2026-02-25 06:02:32.067,1.8187911845738944
2026-02-25 07:02:30.681,1.9095267165164604
2026-02-25 08:01:56.761,2.1553718867096467
2026-02-25 09:02:24.164,2.194991857598173
2026-02-25 10:02:26.137,1.9309907861354976
2026-02-25 11:02:30.274,1.7826415569286105
2026-02-25 12:00:35.874,2.1091000063582914
2026-02-25 13:00:42.600,2.6324144133690015
2026-02-25 14:00:37.200,2.826874960586228
2026-02-25 15:02:07.811,3.2761710265231074
2026-02-25 16:02:02.994,1.8757464734719065
2026-02-25 17:02:21.812,3.8922877080805707
2026-02-25 18:02:26.969,3.9369279273584783
2026-02-25 19:03:05.471,3.9810879294601538
2026-02-25 20:02:31.934,7.0841844170150345
2026-02-25 21:02:05.216,6.616440986602517
2026-02-25 22:00:08.740,6.486367764631503
2026-02-25 23:03:21.425,2.652537537548154
2026-02-26 00:04:32.937,2.0935050266425415
2026-02-26 01:03:24.007,2.0292311927741284
2026-02-26 02:03:49.150,1.9613623066154335
2026-02-26 03:03:22.552,1.5287816752857646
2026-02-26 04:03:07.119,1.3494600181929106
2026-02-26 05:00:58.887,1.3685938220295437
2026-02-26 06:02:13.074,1.6406694812282259
2026-02-26 07:03:28.907,1.0548697876172644
2026-02-26 08:02:26.838,1.3257067555603836
2026-02-26 09:02:48.684,1.0941824260510609
2026-02-26 10:00:43.234,0.8205890300267227
2026-02-26 11:03:33.129,0.6077509676666352
2026-02-26 12:03:51.946,0.6070946192422387
2026-02-26 13:03:33.369,0.8736271335504152
2026-02-26 14:04:25.380,1.3755726453454515
2026-02-26 15:03:25.775,1.0752287023563794
2026-02-26 16:03:25.163,1.1825739060819815
2026-02-26 17:03:06.616,0.6590565060447727
2026-02-26 18:02:40.614,0.6878898336903267
2026-02-26 19:03:03.361,0.6369529555193002
2026-02-26 20:02:55.766,0.6809633732080242
2026-02-26 21:01:08.759,0.6764989134854034
2026-02-26 22:01:04.781,0.7002485571665331
2026-02-26 23:01:31.766,0.7611148107431988
2026-02-27 00:01:21.869,0.6651253855313475
2026-02-27 01:01:57.091,0.8690731195274956
2026-02-27 02:02:59.419,0.760131874179667
2026-02-27 03:03:32.233,0.9627018433892823
2026-02-27 04:02:24.449,1.0579973298262704
2026-02-27 05:02:04.436,1.9443438965154525
2026-02-27 06:02:36.834,2.349528605527643
2026-02-27 07:02:23.535,5.942584157368852
2026-02-27 08:03:50.940,4.634177761067299
2026-02-27 09:03:47.360,2.8893667260440514
2026-02-27 10:04:09.219,1.772163861977627
2026-02-27 11:03:21.681,1.240795331939033
2026-02-27 12:01:43.901,0.8121892199486672
2026-02-27 13:01:55.431,0.8543424182983794
2026-02-27 14:01:06.805,0.8660215833785224
2026-02-27 15:02:02.471,0.821660477071906
2026-02-27 16:02:57.368,0.8367462617502479
2026-02-27 17:03:38.514,0.581684019273104
2026-02-27 18:03:01.590,0.544722393385609
2026-02-27 19:00:03.596,0.2758354281844412
2026-02-27 20:03:23.915,0.07929162459222064
2026-02-27 21:04:17.399,0.11800932726093348
2026-02-27 22:00:17.386,0.1285639999567967
2026-02-27 23:02:43.507,0.15255359130266496
2026-02-28 00:01:56.710,0.20372946538912898
2026-02-28 01:02:13.663,0.2925590455647464
2026-02-28 02:03:31.650,0.421684378435132
2026-02-28 03:04:11.341,0.5881355368633506
2026-02-28 04:03:33.021,0.5225642363969785
2026-02-28 05:03:02.190,0.6010270273384504
2026-02-28 06:02:21.612,0.5265185371402593
2026-02-28 07:03:18.155,0.42114762971492276
2026-02-28 08:03:33.236,0.45910955992133123
2026-02-28 09:04:09.772,0.45815513308471806
2026-02-28 10:03:05.065,0.8420321700415243
2026-02-28 11:03:03.856,0.8904629821867415
2026-02-28 12:03:06.416,0.8476243942106989
2026-02-28 13:03:03.133,0.7875557217394559
2026-02-28 14:03:32.017,1.1130707738725658
2026-02-28 15:03:17.551,0.897790909782101
2026-02-28 16:02:19.379,0.9838952033755941
2026-02-28 17:02:31.931,0.9043041931150121
2026-02-28 18:03:43.432,0.9776444642554032
2026-02-28 19:01:54.044,1.1339211703618504
2026-02-28 20:02:41.713,1.3270474856326022
2026-02-28 21:03:04.432,3.4224172525208507
2026-02-28 22:02:51.111,2.429101067299199
2026-02-28 23:01:17.276,3.42931331222385
2026-03-01 00:01:47.784,2.814243595326364
2026-03-01 01:02:50.477,2.184878470794018
2026-03-01 02:03:27.826,2.7173188726468127
2026-03-01 03:03:49.579,3.0104932177275048
2026-03-01 04:03:24.959,1.4053273567600857
2026-03-01 05:03:15.278,1.7664074507762004
2026-03-01 06:01:22.974,1.686955352593548
2026-03-01 07:02:42.948,1.2401459215072124
2026-03-01 08:03:01.753,1.3354312234855439
2026-03-01 09:03:33.529,0.8598172983268954
2026-03-01 10:03:48.681,0.7123195776488467
2026-03-01 11:02:36.655,0.5387740483917947
2026-03-01 12:03:39.864,0.5428402004587514
2026-03-01 13:03:22.226,0.3375324644446307
2026-03-01 14:03:46.591,0.5494277992103143
2026-03-01 15:03:24.522,0.5424850419760981
2026-03-01 16:04:11.697,0.40865024809683437
2026-03-01 17:03:50.410,0.3363136470464969
2026-03-01 18:02:16.750,0.3814175509278685
2026-03-01 19:02:39.851,0.41659241828491594
2026-03-01 20:02:02.170,0.336636396373727
2026-03-01 21:02:30.539,0.31468180727690104
2026-03-01 22:03:19.954,0.46962643543748395
2026-03-01 23:03:08.524,0.6020789464967837
2026-03-02 00:03:24.968,0.6244114518638436
2026-03-02 01:02:16.471,0.7549873284987084
2026-03-02 02:02:23.727,0.8826676142654426
2026-03-02 03:01:38.098,0.9912807747948521
2026-03-02 04:01:38.054,0.8248948215920058
2026-03-02 05:01:34.804,0.8193819991435511
2026-03-02 06:01:35.113,0.7715780720530852
2026-03-02 07:01:33.802,0.7678979615025804
2026-03-02 08:01:03.796,0.9021299673813008
2026-03-02 09:01:54.655,1.056452378839218
2026-03-02 10:03:26.196,1.185317185316836
2026-03-02 11:02:43.590,1.9351333486309794
2026-03-02 12:04:11.591,1.428168833015459
2026-03-02 13:02:24.153,1.0909169055979897
2026-03-02 14:03:27.496,1.108725036445015
2026-03-02 15:02:58.250,1.6423025750119833
2026-03-02 16:03:12.161,2.6064896278428993
2026-03-02 17:02:54.692,2.9773544933481233
2026-03-02 18:02:43.660,1.8525588567123388
2026-03-02 19:00:43.872,2.3138598792719143
2026-03-02 20:02:58.323,2.2805992119686564
2026-03-02 21:02:18.294,3.0048956754176634
2026-03-02 22:02:21.301,2.980768607594907
2026-03-02 23:02:32.139,3.2232168011906963
2026-03-03 00:03:46.360,2.4364275991687636
2026-03-03 01:02:14.114,2.086870798873727
2026-03-03 01:57:37.365,2.0551170510408423
2026-03-03 02:03:33.263,2.1653290154505695
2026-03-03 03:03:26.679,2.074671566211688
2026-03-03 04:03:00.748,1.4857428909069497
2026-03-03 05:03:09.381,0.6168620710246819
2026-03-03 06:02:11.613,0.46602243476859323
2026-03-03 07:02:25.766,0.9172725502871867
2026-03-03 08:03:14.569,0.9088458767639005
2026-03-03 09:04:16.518,0.5916474469249828
2026-03-03 10:00:59.160,0.4934645933793299
2026-03-03 11:00:47.290,0.6188840703488094
2026-03-03 12:02:28.336,0.46321503263153085
2026-03-03 13:00:24.155,0.7324850475926146
2026-03-03 14:00:29.894,0.6467311380341769
2026-03-03 15:03:51.300,0.6081827990759675
2026-03-03 16:02:58.775,0.743881729699721
2026-03-03 17:02:22.250,1.0841074863732696
2026-03-03 18:03:32.221,1.0197528484452039
2026-03-03 19:02:54.828,1.3001256329220752
2026-03-03 20:03:35.190,1.0888516638319858
2026-03-03 21:03:08.657,0.8256834523994474
2026-03-03 22:03:07.935,0.8248675121299804
2026-03-03 23:03:36.923,1.6796643607414852
2026-03-04 00:02:05.877,2.776518340844354
2026-03-04 01:03:11.994,1.8896894989069968
2026-03-04 02:04:10.988,2.0065500243193464
2026-03-04 03:03:12.675,1.397084138735428
2026-03-04 04:02:50.221,1.33344838322025
2026-03-04 05:03:36.132,1.3123336957186655
2026-03-04 06:04:24.873,1.303857014102185
2026-03-04 07:02:38.238,1.0784093800059409
2026-03-04 08:02:11.507,1.3032153255589127
2026-03-04 09:02:32.084,1.8099622988734163
2026-03-04 10:02:40.220,2.390933237365608
2026-03-04 11:02:50.629,1.9034623662436023
2026-03-04 12:00:43.683,1.8772132548183607
2026-03-04 13:00:38.552,1.386241766976591
2026-03-04 14:00:48.272,1.5659074974661111
2026-03-04 15:03:45.065,1.8230766970436216
2026-03-04 16:04:21.798,2.6230916029878277
2026-03-04 17:03:09.686,2.309932992709369
2026-03-04 18:04:02.567,3.186662830361902
2026-03-04 19:03:07.057,3.642407562997888
2026-03-04 20:03:55.892,3.5257734014110444
2026-03-04 21:03:35.327,2.197674678007325
2026-03-04 22:01:53.001,1.882118669587296
2026-03-04 23:02:23.932,1.1896754311664062
2026-03-05 00:03:46.268,1.1379459338419131
2026-03-05 01:01:56.789,1.3324868562020458
2026-03-05 02:02:06.771,1.0874541288128576
2026-03-05 03:01:39.034,1.1415736432665646
2026-03-05 04:01:53.525,0.8332887502360834
2026-03-05 05:03:07.193,0.8719246214180139
2026-03-05 06:01:49.133,0.2445249052416171
2026-03-05 07:00:17.610,0.4811588337686411
2026-03-05 08:00:17.486,0.3751091021361837
2026-03-05 09:02:51.227,0.3969557153625476
2026-03-05 10:03:17.077,0.5723747581766814
2026-03-05 11:03:11.213,1.5296389107184878
2026-03-05 12:02:29.386,1.4967032582287056
2026-03-05 13:03:03.233,2.0662246138865963
2026-03-05 14:00:17.339,1.2526996038756144
2026-03-05 15:03:05.972,1.2672550997374072
2026-03-05 16:03:39.775,1.0664457510995127
2026-03-05 17:00:14.673,0.8219799028679057
2026-03-05 18:03:58.756,0.7072587935340362
2026-03-05 19:03:45.529,0.7846252903075389
2026-03-05 20:00:19.789,0.8139547449141694
2026-03-05 21:00:20.484,0.8851006842621276
2026-03-05 22:03:06.057,0.8556884549230832
2026-03-05 23:02:36.835,0.7150675503174146
2026-03-06 00:01:32.161,0.5553823269100208
2026-03-06 01:03:12.448,0.27726343815116994
2026-03-06 02:02:27.936,0.40473448576679705
2026-03-06 03:02:03.186,0.3832269198795407
2026-03-06 04:02:06.431,0.4922344300446243
2026-03-06 05:03:31.563,0.5119210856626447
2026-03-06 06:03:07.514,0.7315964847559608
2026-03-06 07:02:46.797,1.313719977215691
2026-03-06 08:03:23.339,3.262012894176683
2026-03-06 09:03:21.556,1.969962071541278
2026-03-06 10:02:25.786,1.3955423109413791
2026-03-06 11:03:29.355,0.9044225619846012
2026-03-06 12:02:02.698,0.9493911773490231
2026-03-06 13:02:53.616,0.846966361824599
2026-03-06 14:03:39.020,0.7508168641792264
2026-03-06 15:03:10.405,0.5973106944868021
2026-03-06 16:03:11.879,0.5202333659807615
2026-03-06 17:03:16.446,0.460549903596482
2026-03-06 18:03:08.817,0.40393197952486387
2026-03-06 19:03:31.117,0.4975206992135371
2026-03-06 20:02:23.504,0.47690835476552385
2026-03-06 21:02:41.839,0.4263012686141542
2026-03-06 22:01:42.336,0.21166780345288186
2026-03-06 23:02:35.844,0.24663486848334332
2026-03-07 00:03:11.285,0.25351275558988917
2026-03-07 01:02:12.662,0.24190568961549677
2026-03-07 02:01:51.593,0.25721709113810903
2026-03-07 03:01:46.010,0.3054944135342795
2026-03-07 04:00:46.518,0.33583545021763433
2026-03-07 05:00:48.665,0.5182359768622127
2026-03-07 06:00:52.674,0.5096425113106783
2026-03-07 07:04:25.961,0.5045992909197138
2026-03-07 08:03:47.031,0.5960717374489902
2026-03-07 09:02:37.042,0.30669182559549596
2026-03-07 10:03:03.828,0.4227496685144595
2026-03-07 11:00:35.291,0.3661329094740849
2026-03-07 12:00:37.972,0.4058505754137765
2026-03-07 13:00:43.736,0.34364381202018246
2026-03-07 14:00:35.754,0.4554891626720424
2026-03-07 15:00:42.018,0.5723866095687784
2026-03-07 16:00:40.908,0.5383816836856603
2026-03-07 17:00:32.118,0.49957717345607955
2026-03-07 18:00:38.873,0.685977526523698
2026-03-07 19:03:16.524,0.42947140287712376
2026-03-07 20:02:14.497,0.21235215693459014
2026-03-07 21:03:25.254,0.39117940518606853
2026-03-07 22:02:44.841,0.41858149043481985
2026-03-07 23:02:36.830,0.412537505106571
2026-03-08 00:02:20.618,0.3646914944350065
2026-03-08 01:03:53.166,0.31249752576296175
2026-03-08 02:03:15.491,0.33201029682053573
2026-03-08 03:02:27.932,0.3212685834285643
2026-03-08 04:03:04.310,0.38982525096048953
2026-03-08 05:02:10.834,0.37172036734593494
2026-03-08 06:03:05.679,0.5057890381229337
2026-03-08 07:02:24.706,0.477201669065657
2026-03-08 08:02:55.798,0.5091032177046013
2026-03-08 09:02:55.643,0.7483346784628944
2026-03-08 10:02:44.046,1.3161814551997306
2026-03-08 11:02:45.333,1.236241281173065
2026-03-08 12:02:12.012,1.002685092897162
2026-03-08 13:03:23.546,1.3455533495959355
2026-03-08 14:03:15.397,1.058529586563421
2026-03-08 15:03:25.282,0.9974083816194387
2026-03-08 16:00:25.004,0.8486685769552136
2026-03-08 17:00:28.931,0.7855669602536158
2026-03-08 18:00:38.110,0.7854189400821473
2026-03-08 19:00:37.515,0.8932048811144346
2026-03-08 20:00:17.467,1.1927257385662562
2026-03-08 21:04:12.559,1.2913793128747484
2026-03-08 22:02:39.347,1.1008070759889597
2026-03-08 23:03:13.836,1.0057218991257826
2026-03-09 00:03:20.877,0.6310959146312154
2026-03-09 01:03:32.255,0.6724891202388391
2026-03-09 02:03:20.144,0.6594740376087413
2026-03-09 03:03:49.044,0.9258350504783063
2026-03-09 04:03:46.254,0.9095831043967156
2026-03-09 05:04:18.380,1.0078713492247928
2026-03-09 06:01:15.012,1.4943230565617227
2026-03-09 07:03:13.290,1.3177654883827439
2026-03-09 08:02:31.025,1.3064923383927853
2026-03-09 09:01:29.954,1.2787451991351444
2026-03-09 10:02:33.907,1.0554560493803775
2026-03-09 11:04:00.027,0.9497269056670706
2026-03-09 12:03:25.962,0.9479255210180046
2026-03-09 13:03:49.614,0.9576982140311988
2026-03-09 14:03:28.318,1.3121557902716667
2026-03-09 15:04:13.114,1.2136339622997856
2026-03-09 16:03:48.120,1.4306339502134853
2026-03-09 17:03:57.542,0.9127033102323878
2026-03-09 18:03:59.745,1.1269910910990224
2026-03-09 19:04:26.272,1.1171194937967566
2026-03-09 20:03:30.215,1.1580145304955416
2026-03-09 21:04:20.301,2.017743584766999
2026-03-09 22:03:51.916,2.1302806688813627
2026-03-09 23:04:09.249,1.1471201146289154
2026-03-10 00:03:49.486,0.8797555150752392
2026-03-10 01:03:38.812,1.2517241377060606
2026-03-10 02:03:53.165,1.2898428330977068
2026-03-10 03:03:16.933,1.4475079815682277
2026-03-10 04:04:34.007,1.2925571872761186
2026-03-10 05:02:51.466,1.3429833277120569
2026-03-10 06:03:03.958,1.086325735519932
2026-03-10 07:03:50.249,1.494907560416642
2026-03-10 08:03:24.743,1.6661272461417782
2026-03-10 09:03:21.062,2.067284978513447
2026-03-10 10:02:45.259,1.6841694529392146
2026-03-10 11:03:27.261,1.4667179645845638
2026-03-10 12:03:49.409,1.3357728209938498
2026-03-10 13:03:53.230,2.7960028013203586
2026-03-10 14:03:25.307,2.351664503832985
2026-03-10 15:04:19.529,2.659911430021545
2026-03-10 16:04:31.020,2.5240925525843783
2026-03-10 17:02:20.911,2.426861688302219
2026-03-10 18:03:10.326,2.5588603834556216
2026-03-10 19:00:24.598,1.4256016284423105
2026-03-10 20:00:26.374,1.5224042406203664
2026-03-10 21:03:38.407,1.5004320398496331
2026-03-10 22:03:14.820,1.035656194698103
2026-03-10 23:02:59.948,0.8770009857560077
2026-03-11 00:04:28.689,0.9843649424563421
2026-03-11 01:03:18.297,1.20934742596966
2026-03-11 02:00:50.053,1.0682272854842911
2026-03-11 03:03:52.157,0.792451563368223
2026-03-11 04:02:42.538,1.0105062530322746
2026-03-11 05:02:49.309,0.7705700162272598
2026-03-11 06:02:58.581,0.5693789875931472
2026-03-11 07:01:49.829,0.6665628819280536
2026-03-11 08:02:21.600,0.561691938550604
2026-03-11 09:02:35.758,0.7517255700464439
2026-03-11 10:02:38.293,0.8423719446084545
2026-03-11 11:03:38.673,0.9017730959428566
2026-03-11 12:03:43.035,1.0604797019086145
2026-03-11 13:02:49.682,1.1983612119513147
2026-03-11 14:04:02.944,1.041205009831055
2026-03-11 15:02:17.312,1.0299319859211433
2026-03-11 16:03:17.820,0.8374353722904596
2026-03-11 17:03:13.283,1.0689494236997499
2026-03-11 18:03:49.412,0.9648844496927662
2026-03-11 19:03:25.558,1.0093946915902186
2026-03-11 20:03:06.719,1.5677059170069139
2026-03-11 21:02:25.814,1.1528334941920035
2026-03-11 22:03:19.657,1.805262727234136
2026-03-11 23:03:07.506,1.427687633461783
2026-03-12 00:02:38.684,1.2736983748768569
2026-03-12 01:02:42.041,0.8967194984063905
2026-03-12 02:03:26.163,0.961620228212451
2026-03-12 03:03:33.549,0.47111175353618484
2026-03-12 04:02:44.395,0.43299323404881435
2026-03-12 05:03:22.924,0.3927672459395034
2026-03-12 06:02:28.565,0.5381438254540901
2026-03-12 07:02:17.641,0.4362532540816748
2026-03-12 08:00:16.444,0.6900873082366634
2026-03-12 09:02:14.011,0.6845285253856122
2026-03-12 10:02:02.780,0.8058063687544625
2026-03-12 11:02:20.676,0.9165736853029537
2026-03-12 12:00:38.619,0.6364564768495047
2026-03-12 13:01:57.554,0.7157039935870381
2026-03-12 14:00:20.482,0.9069006295098668
2026-03-12 15:00:04.869,0.6031106433801946
2026-03-12 16:02:56.080,0.9554300901222463
2026-03-12 17:02:14.259,1.6112849272853211
2026-03-12 18:00:55.306,1.7328283198248762
2026-03-12 19:01:08.658,1.5930683407164603
2026-03-12 20:01:01.283,2.0122159931526564
2026-03-12 21:03:11.112,1.5273351056270197
2026-03-12 22:01:07.678,1.4542228781577295
2026-03-12 23:00:14.626,1.0625316452320384
2026-03-13 00:00:17.974,1.2484935936956947
2026-03-13 01:00:16.912,1.529144878794787
2026-03-13 02:02:19.766,2.1649354889634096
2026-03-13 03:01:30.098,2.1075924103034605
2026-03-13 04:03:17.343,2.2740940498547806
2026-03-13 05:01:01.968,3.704131245223806
2026-03-13 06:02:14.726,3.138820667019109
2026-03-13 07:02:04.919,2.8406638647359825
2026-03-13 08:02:32.366,2.8093944300251277
2026-03-13 09:02:12.278,2.879214424708456
2026-03-13 10:02:46.702,3.0105418613593002
2026-03-13 11:03:23.450,4.4365430282256995
2026-03-13 12:04:00.904,4.528760202612096
2026-03-13 13:03:58.577,9.21919609276408
2026-03-13 14:01:41.818,9.530342846085635
2026-03-13 15:03:13.050,2.293388106070992
2026-03-13 16:03:45.180,1.8514316025451363
2026-03-13 17:00:43.186,1.7443520375688097
2026-03-13 18:02:37.772,0.8911532669566892
2026-03-13 19:02:40.784,0.9968671922986229
2026-03-13 20:03:15.397,0.9456539042935527
2026-03-13 21:02:12.779,0.9184728715602546
2026-03-13 22:02:23.586,0.7726212904341517
2026-03-13 23:02:39.138,0.6845398911302455
2026-03-14 00:02:32.399,0.45651705981611235
2026-03-14 01:03:48.223,0.4322154012554771
2026-03-14 02:03:37.676,0.393527874136888
2026-03-14 03:03:13.830,0.35137623886558794
2026-03-14 04:03:56.008,0.2822884574035048
2026-03-14 05:01:13.455,0.4364861897891291
2026-03-14 06:03:58.928,0.4137187794754189
2026-03-14 07:03:40.580,0.3634445560089879
2026-03-14 08:00:00.219,0.5118183896307557
2026-03-14 09:00:04.644,0.4216731767037619
2026-03-14 10:01:26.690,0.41357586189431755
2026-03-14 11:01:26.994,0.4085334638484267
2026-03-14 12:02:37.740,0.64712208302428
2026-03-14 13:01:12.385,0.9667188517672379
2026-03-14 14:02:54.252,1.1778539466616473
2026-03-14 15:01:21.255,1.0616067678025516
2026-03-14 16:00:31.336,1.0080330139878821
2026-03-14 17:03:26.670,1.046655746729305
2026-03-14 18:02:06.381,0.6953217763701839
2026-03-14 19:02:49.653,0.5910458981358563
2026-03-14 20:02:54.380,0.5852899181805942
2026-03-14 21:03:27.947,0.8070792882963346
2026-03-14 22:03:39.535,0.92333823541206
2026-03-14 23:05:44.922,1.1693193388170693
2026-03-15 00:14:10.241,2.0526110788482788
2026-03-15 01:12:46.958,1.9258370715773672
2026-03-15 02:13:31.780,2.446305546166535
2026-03-15 03:12:28.975,2.772966825107581
2026-03-15 04:13:37.871,2.048812443244725
2026-03-15 05:09:49.950,1.7644907478110188
2026-03-15 06:12:29.242,1.3780381636752739
2026-03-15 07:13:12.328,1.1613955887904535
2026-03-15 08:02:53.033,1.3477375988221172
2026-03-15 09:02:38.693,1.7572184695044006
2026-03-15 10:02:22.592,1.6308502675443126
2026-03-15 11:02:41.643,2.078581871531902
2026-03-15 12:02:38.156,2.368013149174293
2026-03-15 13:01:44.641,2.4696037003692783
2026-03-15 14:01:58.709,1.2866998622951613
2026-03-15 15:02:13.807,1.5130394735376491
2026-03-15 16:03:18.263,1.0073356824363042
2026-03-15 17:01:58.759,0.6499690410490182
2026-03-15 18:01:51.582,1.0208100992496263
2026-03-15 19:02:28.752,1.1375134680888923
2026-03-15 20:02:19.490,1.4519651807152854
2026-03-15 21:02:44.405,1.603705754710253
2026-03-15 22:02:46.187,1.811120369497202
2026-03-15 23:03:05.079,1.9823547958418866
2026-03-16 00:02:28.677,1.6176746189857214
2026-03-16 01:02:22.427,1.4569024439225349
2026-03-16 02:02:03.735,1.4031199067622036
2026-03-16 03:03:49.819,1.4441159970887245
2026-03-16 04:04:28.023,3.0246554549658042
2026-03-16 05:04:09.969,3.5554437556837644
2026-03-16 06:04:15.556,5.518665374235266
2026-03-16 07:04:22.681,4.2158513990453015
2026-03-16 08:03:42.615,4.56168433604383
2026-03-16 09:01:57.260,4.0705263605259105
2026-03-16 10:01:40.506,4.745959228291713
2026-03-16 11:01:52.212,5.262293716253636
2026-03-16 12:02:50.494,5.110153718109988
2026-03-16 13:02:43.668,5.211022981472221
2026-03-16 14:02:43.428,2.8189008727387157
2026-03-16 15:02:37.480,2.080835051403379
2026-03-16 16:02:37.182,1.944295186884338
2026-03-16 17:00:55.458,2.248253165194436
2026-03-16 18:03:31.185,1.8936591150782875
2026-03-16 19:02:21.907,1.885311685860617
2026-03-16 20:02:43.847,1.415251171109177
2026-03-16 21:03:34.146,1.9538954543233304
2026-03-16 22:03:26.375,1.4783202081683464
2026-03-16 23:00:07.163,2.30875964998353
2026-03-17 00:00:04.177,2.6603058105983046
2026-03-17 01:00:13.822,2.651328553240248
2026-03-17 02:02:59.202,2.7769585975033197
2026-03-17 03:04:19.293,2.287009232542988
2026-03-17 04:03:11.752,2.645065119778369
2026-03-17 05:02:13.479,2.7566710634134703
2026-03-17 06:02:55.811,2.6854849013916215
2026-03-17 07:03:28.383,2.361279630301372
2026-03-17 08:02:50.801,3.207314312500773
2026-03-17 09:03:18.185,2.297844290347195
2026-03-17 10:03:15.506,2.059361820414981
2026-03-17 11:02:56.567,1.6497834811718686
2026-03-17 12:03:52.624,1.8269804485309027
2026-03-17 13:02:15.857,1.12590344483633
2026-03-17 14:02:10.653,0.6330410515390477
2026-03-17 15:02:17.500,0.51774616736631
2026-03-17 16:03:43.688,0.4005810647373305
2026-03-17 17:03:42.307,0.7010562135720114
2026-03-17 18:03:33.331,1.3007554935380206
2026-03-17 19:02:29.298,1.6143351238008767
2026-03-17 20:02:45.204,1.353315499137798
2026-03-17 21:04:01.330,1.4774803317001293
2026-03-17 22:02:34.207,1.3906120234128483
2026-03-17 23:02:31.068,1.2314294837192676
2026-03-18 00:04:06.606,1.018522245177217
2026-03-18 01:03:07.626,1.2756874183434874
2026-03-18 02:02:44.108,1.5198968881997847
2026-03-18 03:03:05.376,1.6718831449160019
2026-03-18 04:02:24.923,2.058665970914682
2026-03-18 05:02:58.306,1.8619322207607636
2026-03-18 06:02:08.758,1.476251758945863
2026-03-18 07:01:04.378,1.4714642869439103
2026-03-18 08:01:06.634,1.0059951232593698
2026-03-18 09:01:00.014,1.0046286873032626
2026-03-18 10:02:56.231,1.1773855596528549
2026-03-18 11:02:17.114,1.0079191218724408
2026-03-18 12:02:32.940,0.6242838663319523
2026-03-18 13:02:28.677,0.6088368787012923
2026-03-18 14:03:07.141,0.7421186302423776
2026-03-18 15:02:46.851,0.4967992184735753
2026-03-18 16:00:08.019,0.5246427566823582
2026-03-18 17:02:28.846,0.775870666010079
2026-03-18 18:02:03.444,0.7518663043483808
2026-03-18 19:03:17.071,0.7170197678740882
2026-03-18 20:01:30.028,0.7589471610084186
2026-03-18 21:01:27.621,0.768504733889081
2026-03-18 22:03:48.541,1.2888558831965262
2026-03-18 23:03:23.605,0.9691698789433363
2026-03-19 00:02:50.516,1.011913341355438
2026-03-19 01:04:26.132,1.0155729235754603
2026-03-19 02:03:19.214,1.113171887750997
2026-03-19 03:03:46.878,1.1235356125497953
2026-03-19 04:03:08.333,1.232680142765953
2026-03-19 05:03:18.621,1.1434898153136661
2026-03-19 06:02:31.913,0.9295840583634006
2026-03-19 07:02:58.754,0.7115195545162742
2026-03-19 08:02:59.112,0.5415181649702362
2026-03-19 09:02:50.713,0.61017179628315
2026-03-19 10:02:53.111,0.7138331063523945
2026-03-19 11:03:04.311,0.5529021974989065
2026-03-19 12:03:50.654,0.21572708975101576
2026-03-19 13:02:42.031,0.27343209382088984
2026-03-19 14:00:36.839,0.2860701568563489
2026-03-19 15:02:27.442,0.27319045180106816
2026-03-19 16:02:45.188,0.35105255871686414
2026-03-19 17:02:45.026,0.3730370572670795
2026-03-19 18:03:20.073,0.37876585339573016
2026-03-19 19:02:00.480,0.8151493086729888
2026-03-19 20:01:53.442,1.1393137663312043
2026-03-19 21:01:15.337,1.1610233843748146
2026-03-19 22:02:52.102,2.216584310593811
2026-03-19 23:02:43.536,1.5665006858141448
2026-03-20 00:02:25.931,1.4739148185407087
2026-03-20 01:02:30.897,1.6139726812489403
2026-03-20 02:02:25.455,1.6267229410764439
2026-03-20 03:01:43.255,1.7594044339313735
2026-03-20 04:01:44.148,1.4849086733787065
2026-03-20 05:01:42.984,1.9181599681097323
2026-03-20 06:01:55.998,2.1745170698232847
2026-03-20 07:03:17.625,2.821659170295735
2026-03-20 08:03:44.632,3.2664644682213484
2026-03-20 09:03:43.949,2.710230682220704
2026-03-20 10:04:01.471,1.3469357780078284
2026-03-20 11:03:42.267,1.146839726341024
2026-03-20 12:00:25.435,0.7751839993773036
2026-03-20 13:01:54.688,0.8536022727081665
2026-03-20 14:02:03.210,0.9082335982099784
2026-03-20 15:01:56.579,0.7308170441307316
2026-03-20 16:04:05.980,0.8282574059150751
2026-03-20 17:03:42.694,0.857531601287994
2026-03-20 18:02:41.211,0.7272347919365436
2026-03-20 19:02:44.541,0.587380381232509
2026-03-20 20:02:14.129,0.531531735992263
2026-03-20 21:01:03.169,0.5575270212436036
2026-03-20 22:00:49.247,0.560196209862141
2026-03-20 23:00:58.990,0.6207481912859509
2026-03-21 00:01:10.393,0.7506669968278459
2026-03-21 01:01:09.031,1.0044073968234188
2026-03-21 02:01:10.945,1.0463811734256092
2026-03-21 03:02:34.335,1.2178507145886144
2026-03-21 04:02:29.143,0.9220726604612091
2026-03-21 05:02:54.939,0.8830686296404217
2026-03-21 06:08:02.780,0.807416998497855
2026-03-21 07:04:55.915,0.8261785151108406
2026-03-21 08:05:14.869,1.0385962163039117
2026-03-21 09:04:35.765,1.989521457165235
2026-03-21 10:02:51.813,1.8682888837175398
2026-03-21 11:03:05.996,1.486199724824285
2026-03-21 12:03:04.218,0.9145625727272925
2026-03-21 13:05:31.712,0.8193074209199357
2026-03-21 14:04:58.362,0.9970592097773193
2026-03-21 15:05:56.854,0.7151613288972315
2026-03-21 16:06:57.214,0.8243557366268832
2026-03-21 17:03:00.808,0.6636928064458004
2026-03-21 18:02:41.041,0.9851528677020381
2026-03-21 19:03:35.217,1.3734567202173642
2026-03-21 20:03:21.989,1.3343012020931913
2026-03-21 21:03:33.758,1.383445841779528
2026-03-21 22:03:37.628,1.1277470302071002
2026-03-21 23:04:36.338,0.5104638392987909
2026-03-22 00:05:45.490,0.20438054570256264
2026-03-22 01:07:37.409,0.21224961385536403
2026-03-22 02:05:59.653,0.2299159037458133
2026-03-22 03:05:23.477,0.35480765856265817
2026-03-22 04:05:40.532,0.4555957265834331
2026-03-22 05:05:21.671,0.5741025687269707
2026-03-22 06:07:21.643,0.5251431872334942
2026-03-22 07:05:22.085,0.5644587877137182
2026-03-22 08:05:42.112,0.4966277657666369
2026-03-22 09:06:00.096,0.4571170109410906
2026-03-22 10:05:09.125,0.44452172690668584
2026-03-22 11:05:56.315,0.3494246593458096
2026-03-22 12:07:13.520,0.4006014937808708
2026-03-22 13:02:57.632,0.6108400820929685
2026-03-22 14:03:03.177,1.3009562128701246
2026-03-22 15:02:59.224,1.8350183145180925
2026-03-22 16:02:53.265,1.8267297076875646
2026-03-22 17:03:19.613,1.227640202621397
2026-03-22 18:03:52.812,0.9838549141951147
2026-03-22 19:02:19.007,0.6167224466262038
2026-03-22 20:03:47.242,0.6762386724660546
2026-03-22 21:02:48.239,0.6742112496475434
2026-03-22 22:02:52.606,0.6805210634417439
2026-03-22 23:02:26.723,0.8661594021735223
2026-03-23 00:02:53.636,0.8073313892363804
2026-03-23 01:02:34.383,1.1528065295642262
2026-03-23 02:03:15.882,0.955515226370216
2026-03-23 03:02:48.613,0.8541665040413342
2026-03-23 04:02:46.213,0.6162854746488092
2026-03-23 05:02:45.051,1.0580443201493732
2026-03-23 06:02:47.870,1.0464629208614085
2026-03-23 07:03:34.462,0.8577609472084822
2026-03-23 08:03:33.105,0.6817683604149073
2026-03-23 09:03:27.422,0.6396786180500774
2026-03-23 10:03:26.447,0.6541305786492169
2026-03-23 11:03:22.462,0.7162859628263389
2026-03-23 12:03:37.869,1.157340559036184
2026-03-23 13:03:33.025,1.2955883550792113
2026-03-23 14:03:33.035,1.6923513730792488
2026-03-23 15:03:34.009,1.107766360414785
2026-03-23 16:03:32.451,0.7978162408151462
2026-03-23 17:04:36.113,0.6227753162102346
2026-03-23 18:03:18.858,0.7352452543792422
2026-03-23 19:04:32.039,0.6881578936363989
2026-03-23 20:04:30.330,0.6438151920029376
2026-03-23 21:03:40.407,0.7346740878577895
2026-03-23 22:01:33.354,0.7732357940080222
2026-03-23 23:00:57.879,0.8255842251611533
2026-03-24 00:04:16.976,0.815127426584454
2026-03-24 01:04:24.339,0.7687263224990338
2026-03-24 02:04:16.630,0.5057449599947185
2026-03-24 03:04:06.770,0.37871481286746217
2026-03-24 04:04:03.479,0.30071016050292426
2026-03-24 05:03:56.838,0.4657611611984434
2026-03-24 06:02:10.631,0.6612304686370919
2026-03-24 07:01:52.424,0.9940846422996014
2026-03-24 08:01:55.746,1.1001010754956402
2026-03-24 09:01:54.463,0.9198553267924365
2026-03-24 10:02:06.871,1.2740038193609533
2026-03-24 11:02:00.694,1.0474171486293027
2026-03-24 12:02:34.929,1.171545982191276
2026-03-24 13:02:20.178,1.1149303595470608
2026-03-24 14:00:01.746,0.9922774228762243
2026-03-24 15:00:00.210,1.0925714854089583
2026-03-24 16:01:43.711,1.2698398385601741
2026-03-24 17:02:14.650,1.1512203189039336
2026-03-24 18:01:27.884,0.7984248669810154
2026-03-24 19:01:33.319,0.7892561043231666
2026-03-24 20:00:52.186,1.0101607120338993
2026-03-24 21:02:28.187,1.7285635081978805
2026-03-24 22:01:59.187,1.555955458243387
2026-03-24 23:01:19.785,1.4211320921881772
2026-03-25 00:01:59.827,1.581271565472572
2026-03-25 01:02:08.036,2.0877679574919443
2026-03-25 02:02:19.730,2.35310315993873
2026-03-25 03:02:07.057,2.3823378243182307
2026-03-25 04:02:10.692,3.7637303810023237
2026-03-25 05:00:28.423,4.137482595116208
2026-03-25 06:01:33.233,4.3435156461860425
2026-03-25 07:01:17.031,4.647923751403631
2026-03-25 08:01:18.518,7.910527061441582
2026-03-25 09:01:27.682,7.661281256738991
2026-03-25 10:01:20.664,6.394075278222922
2026-03-25 11:01:35.918,3.530348649467444
2026-03-25 12:01:28.725,3.7166327054970627
2026-03-25 13:02:14.135,4.493551139159559
2026-03-25 14:02:35.318,2.6989649894204395
2026-03-25 15:02:59.479,2.251882147431498
2026-03-25 16:03:58.854,1.3849438367016491
2026-03-25 17:03:53.214,1.923378459988573
2026-03-25 18:03:30.102,1.383286564340436
2026-03-25 19:03:35.932,0.9600044819825229
2026-03-25 20:03:22.411,0.8202824070613891
2026-03-25 21:04:32.124,0.760587832334167
2026-03-25 22:03:28.488,0.8347089340470067
2026-03-25 23:03:44.993,0.9205833147492188
2026-03-26 00:04:31.555,0.9244657129932503
2026-03-26 01:03:43.309,0.8465508770582004
2026-03-26 02:03:15.945,0.6213691959838301
2026-03-26 03:04:44.454,0.2874202113017111
2026-03-26 04:04:43.332,0.3263460210154059
2026-03-26 05:04:35.829,0.3357532796945773
2026-03-26 06:04:27.259,0.28642287255528825
2026-03-26 07:04:27.498,0.18434135638390844
2026-03-26 08:02:45.893,0.30209900819242064
2026-03-26 09:03:19.865,0.3148692392720336
2026-03-26 10:04:05.458,0.2974344067839199
2026-03-26 11:03:02.995,0.20226079442853787
2026-03-26 12:03:35.301,0.19929892085657033
2026-03-26 13:02:44.434,0.09282423802696099
2026-03-26 14:02:32.499,0.2169514722927162
2026-03-26 15:01:19.759,0.2289916872750843
2026-03-26 16:01:33.557,0.22175521774871343
2026-03-26 17:03:01.847,0.22837933246407632
2026-03-26 18:03:09.490,0.1905830370719435
2026-03-26 19:03:57.422,0.29097334934964925
2026-03-26 20:03:37.934,0.40215232488749564
2026-03-26 21:03:40.043,0.6978623770429071
2026-03-26 22:02:48.806,0.6270079453697762
2026-03-26 23:03:01.568,0.6341888505196942
2026-03-27 00:02:58.891,0.606712079494544
2026-03-27 01:02:41.434,0.7033701133321436
2026-03-27 02:03:01.664,0.6724628371043614
2026-03-27 03:04:03.201,0.6261483711137524
2026-03-27 04:02:38.688,0.43011399644781034
2026-03-27 05:02:28.840,0.4458069137325957
2026-03-27 06:02:34.259,0.6054567066250756
2026-03-27 07:02:37.183,0.7065929880234514
2026-03-27 08:02:28.546,1.0815579362173973
2026-03-27 09:02:38.255,0.6234478577364607
2026-03-27 10:02:33.725,0.6831902467811246
2026-03-27 11:02:36.743,0.3026601044434188
2026-03-27 12:02:53.648,0.46406949258997127
2026-03-27 13:02:35.928,0.5686986319566083
2026-03-27 14:02:45.010,0.5525078838559939
2026-03-27 15:02:35.631,0.5397490449949089
2026-03-27 16:02:38.375,0.6620720377486184
2026-03-27 17:02:42.498,0.6025891402988043
2026-03-27 18:02:56.119,0.6410981596177014
2026-03-27 19:02:25.698,0.6863390829845313
2026-03-27 20:02:42.368,0.6640987451077917
2026-03-27 21:02:35.293,0.6479133461824929
2026-03-27 22:02:45.942,0.538925789094634
2026-03-27 23:02:52.708,0.563292310106125
2026-03-28 00:02:57.999,0.5989026502073964
2026-03-28 01:02:52.888,0.7725759553575645
2026-03-28 02:02:34.949,0.4893674465108249
2026-03-28 03:02:48.121,0.3648861613266986
2026-03-28 04:02:40.605,0.4774674800103951
2026-03-28 05:02:42.545,0.4975249415313225
2026-03-28 06:02:51.070,0.39419226555565035
2026-03-28 07:02:42.014,0.7437854357994818
2026-03-28 08:02:52.311,0.9970830521575581
2026-03-28 09:02:45.038,1.2865382962464766
2026-03-28 10:03:04.211,1.2513646780875185
2026-03-28 11:02:35.648,1.6767922411592524
2026-03-28 12:02:31.140,1.588843619306034
2026-03-28 13:02:40.434,3.8731548909718727
2026-03-28 14:02:43.950,3.940657719262013
2026-03-28 15:02:49.856,1.8286419736927435
2026-03-28 16:02:47.253,2.545663143923319
2026-03-28 17:02:47.283,3.420066199939418
2026-03-28 18:01:43.107,2.3178300724943464
2026-03-28 19:02:00.993,2.3494071377329018
2026-03-28 20:02:10.857,2.13370740265055
2026-03-28 21:02:18.702,2.0745605341306885
2026-03-28 22:02:12.024,1.544098800002284
2026-03-28 23:02:19.975,1.0969663349607757
2026-03-29 00:02:32.865,0.6354374189513706
2026-03-29 01:01:49.485,0.5461992674349984
2026-03-29 02:03:01.120,0.6758518237303243
2026-03-29 03:04:04.113,0.7298400671747118
2026-03-29 04:03:06.140,0.7324140297836119
2026-03-29 05:04:12.162,0.8749823237922126
2026-03-29 06:02:59.312,0.5464537043933404
2026-03-29 07:02:54.909,0.4909011852100592
2026-03-29 08:03:38.555,0.575347070398618
2026-03-29 09:01:23.665,0.5765092790073147
2026-03-29 10:01:31.784,0.5987393439981168
2026-03-29 11:01:28.082,0.4018477122345226
2026-03-29 12:03:07.707,0.6287714840056262
2026-03-29 13:01:23.457,0.5356925657325157
2026-03-29 14:01:29.982,0.6799675856983189
2026-03-29 15:00:39.918,0.7383629458761551
2026-03-29 16:00:55.197,0.6062260191994481
2026-03-29 17:00:15.258,0.46151464972011197
2026-03-29 18:00:09.856,0.2747699763231182
2026-03-29 19:02:27.762,0.4445812358697404
2026-03-29 20:03:17.027,0.44961473559047826
2026-03-29 21:03:13.146,0.8040268689087827
2026-03-29 22:02:19.559,1.06602346231376
2026-03-29 23:02:26.677,0.5253531679206808
2026-03-30 00:02:11.219,0.43074281315930646
2026-03-30 01:03:18.576,0.718942624819582
2026-03-30 02:03:41.728,0.8406456589218338
2026-03-30 03:02:37.505,1.152931645670252
2026-03-30 04:02:42.867,1.357826925522491
2026-03-30 05:02:23.537,1.5873079285071956
2026-03-30 06:03:11.463,1.607665285055935
2026-03-30 07:02:33.693,1.5996585565597858
2026-03-30 08:02:30.088,1.7899151355059033
2026-03-30 09:03:13.448,1.649148962846585
2026-03-30 10:01:58.644,1.573676149756317
2026-03-30 11:00:26.456,1.3882716946997489
2026-03-30 12:00:38.843,1.3938991404545853
2026-03-30 13:00:36.142,2.9894027784898793
2026-03-30 14:02:54.142,3.035999967686494
2026-03-30 15:01:24.867,2.6998399532261823
2026-03-30 16:02:55.758,2.231330298811375
2026-03-30 17:02:41.536,1.4385152154971161
2026-03-30 18:02:34.985,0.8345854004158191
2026-03-30 19:03:07.003,0.45231323824382186
2026-03-30 20:02:23.221,0.4997045431996383
2026-03-30 21:02:51.519,0.5554627308384609
2026-03-30 22:02:06.330,0.8102642685187073
2026-03-30 23:01:13.402,0.8515922916069044
2026-03-31 00:02:45.587,0.9002761839293352
2026-03-31 01:03:40.704,1.0503605104665086
2026-03-31 02:03:47.026,1.1326893070320032
2026-03-31 03:03:05.352,1.1638074580888567
2026-03-31 04:01:51.725,1.1138289279359403
2026-03-31 05:01:59.103,0.9176856745196056
2026-03-31 06:02:17.342,0.9812773871118355
2026-03-31 07:01:54.672,1.0505772768801345
2026-03-31 08:02:13.196,1.1784954234864105
2026-03-31 09:02:34.699,1.239426557535964
2026-03-31 10:02:43.420,0.7553783964061362
2026-03-31 11:02:18.738,0.8512842286966446
2026-03-31 12:02:38.333,0.5364983333189688
2026-03-31 13:02:05.831,0.5757462444237675
2026-03-31 14:02:33.694,0.8570768928515392
2026-03-31 15:03:00.933,0.5508580594489371
2026-03-31 16:02:21.181,0.5193318984434971
2026-03-31 17:03:00.633,0.7618060226929376
2026-03-31 18:03:18.754,0.8849029647816967
2026-03-31 19:02:55.788,1.098506834295502
2026-03-31 20:02:53.576,0.9566886064281802
2026-03-31 21:02:34.420,1.0356736698865068
2026-03-31 22:02:21.047,1.1565069657347904
2026-03-31 23:03:04.617,1.342617770496198
2026-04-01 00:03:03.820,2.6338504277018573
2026-04-01 01:03:22.749,2.1550229028097636
2026-04-01 02:03:08.371,1.8751929055906058
2026-04-01 03:02:25.298,1.443282459309352
2026-04-01 04:03:12.250,1.4498267659306487
2026-04-01 05:03:26.503,2.660472703911421
2026-04-01 06:02:38.018,3.0057499041302487
2026-04-01 07:03:32.815,2.6444838620374522
2026-04-01 08:01:26.048,2.1919927974783966
2026-04-01 09:02:05.674,1.4438248332472796
2026-04-01 10:01:19.403,1.4670240601603004
2026-04-01 11:00:11.272,1.447750055838199
2026-04-01 12:02:09.873,1.6085919993169824
2026-04-01 13:02:09.892,1.554537862039997
2026-04-01 14:02:16.234,1.148361088849836
2026-04-01 15:02:43.489,1.3960227442953175
2026-04-01 16:02:19.803,1.9110089557473948
2026-04-01 17:03:08.025,2.8921427599616054
2026-04-01 18:03:19.847,0.5309853191787458
2026-04-01 19:03:40.180,0.4840660606390889
2026-04-01 20:03:02.662,0.46589347399147096
2026-04-01 21:03:30.836,0.3970409606986055
2026-04-01 22:02:59.395,0.8000045994162627
2026-04-01 23:02:18.469,0.8644423246244755
2026-04-02 00:02:26.736,0.7300505507262464
2026-04-02 01:01:56.868,0.8549503500057042
2026-04-02 02:00:53.455,0.6376295647889849
2026-04-02 03:02:17.341,0.5679768417937172
2026-04-02 04:03:33.650,0.5130525514022305
2026-04-02 05:02:04.147,0.44316529705335983
2026-04-02 06:03:22.119,0.410044973545281
2026-04-02 07:03:10.579,0.4245158034233684
2026-04-02 08:03:22.517,0.7986247630156238
2026-04-02 09:02:37.597,0.7702346247093365
2026-04-02 10:00:20.472,0.6243069384892772
2026-04-02 11:03:49.054,0.5993280798678037
2026-04-02 12:02:10.011,0.34544177015258454
2026-04-02 13:03:07.672,0.3521124728689125
2026-04-02 14:03:25.571,0.3825255093524218
2026-04-02 15:03:01.116,0.42927268517806644
2026-04-02 16:03:43.719,0.5105681413852855
2026-04-02 17:02:40.031,0.6479117674801508
2026-04-02 18:03:06.013,0.7928230166071432
2026-04-02 19:01:19.506,1.1076173582057771
2026-04-02 20:01:26.085,1.399589875999863
2026-04-02 21:01:46.778,1.3357149841863356
2026-04-02 22:03:53.442,0.9602296232426533
2026-04-02 23:03:29.954,1.027883982707745
2026-04-03 00:03:06.895,1.0357492458576338
2026-04-03 01:00:09.403,1.0894186502138328
2026-04-03 02:00:11.451,0.9648982032538923
2026-04-03 03:03:52.374,1.069874758999048
2026-04-03 04:03:06.236,1.4291219993900255
2026-04-03 05:02:07.998,0.9754797756718457
2026-04-03 06:02:39.261,1.8141895627546818
2026-04-03 07:02:21.976,2.2520886416344097
2026-04-03 08:02:46.515,3.6075440250355406
2026-04-03 09:02:14.923,4.845563486403267
2026-04-03 10:02:54.626,3.795981211101687
2026-04-03 11:02:38.002,3.4623218960053928
2026-04-03 12:01:58.271,9.92627302788394
2026-04-03 13:01:53.515,5.455614909858104
2026-04-03 14:01:35.030,4.304421611760744
2026-04-03 15:01:40.593,4.818077822187191
2026-04-03 16:01:55.523,2.367956192769556
2026-04-03 17:03:20.691,2.330538598002112
2026-04-03 18:01:20.170,1.5997575596050293
2026-04-03 19:03:02.452,1.1545185630109902
2026-04-03 20:02:30.113,1.127299704758646
2026-04-03 21:04:17.989,0.9644135174765502
2026-04-03 22:04:20.965,1.090059540872912
2026-04-03 23:04:11.913,0.4772212708946296
2026-04-04 00:04:33.038,0.48156137246879455
2026-04-04 01:04:30.085,0.46377106524842343
2026-04-04 02:09:38.819,0.3725508407959151
2026-04-04 03:28:04.560,0.36060107500877703
2026-04-04 04:26:26.768,0.4025181530965129
2026-04-04 05:24:23.247,0.24541173661923094
2026-04-04 06:29:36.108,0.44088294153926694
2026-04-04 07:36:15.152,0.5817622807306216
2026-04-04 08:45:45.840,0.6550102559581563
2026-04-04 09:49:43.511,0.7914912614330891
2026-04-04 10:50:31.826,0.7777692220511918
2026-04-04 11:03:01.990,0.7387902741586784
2026-04-04 12:03:28.747,0.8876069062544456
2026-04-04 13:03:01.122,1.2120630144406128
2026-04-04 14:02:39.903,1.3895399396126515
2026-04-04 15:00:45.526,1.2824358643363265
2026-04-04 16:03:14.832,2.209783293402696
2026-04-04 17:02:26.906,2.696185251913973
2026-04-04 18:02:33.179,3.2465291296736307
2026-04-04 19:02:05.708,3.856760854495491
2026-04-04 20:01:53.742,2.9811583538235986
2026-04-04 21:02:37.487,1.589579404328393
2026-04-04 22:02:18.112,2.009538071861038
2026-04-04 23:02:12.750,2.3986248247908577
2026-04-05 00:01:41.823,2.0261060278955147
2026-04-05 01:00:15.453,1.6736104197111992
2026-04-05 02:02:07.995,1.0766315278377405
2026-04-05 03:02:59.739,0.9814206815364687
2026-04-05 04:02:33.591,0.900397119952803
2026-04-05 05:00:38.721,0.8838063335520999
2026-04-05 06:00:42.726,0.49118693169214356
2026-04-05 07:00:37.164,0.56110591013254
2026-04-05 08:03:18.565,0.2625772933774261
2026-04-05 09:04:11.962,0.0915842239801918
2026-04-05 10:03:22.621,0.592027139924576
2026-04-05 11:03:00.722,0.646841193428004
2026-04-05 12:03:58.431,0.9086233422780413
2026-04-05 13:04:13.013,0.5617582269548126
2026-04-05 14:03:58.885,0.6965057478101436
2026-04-05 15:04:13.511,0.8245689626357473
2026-04-05 16:04:26.972,0.9638586364453502
2026-04-05 17:04:20.720,0.8743475617806881
2026-04-05 18:03:46.657,0.9178557282397064
2026-04-05 19:02:51.249,0.8239116337653979
2026-04-05 20:02:56.301,0.9313535773598081
2026-04-05 21:01:57.341,1.0149223471492856
2026-04-05 22:01:44.585,1.004830977112677
2026-04-05 23:01:49.934,1.2934825874525289
2026-04-06 00:03:32.278,1.514122840699077
2026-04-06 01:03:41.500,2.0703722358288807
2026-04-06 02:02:15.405,1.7975097236798083
2026-04-06 03:08:16.237,4.434352545207169
2026-04-06 04:02:49.454,4.019618929105716
2026-04-06 05:02:08.862,2.972200088001024
2026-04-06 06:02:01.011,2.093895065736747
2026-04-06 07:00:41.995,2.275395009135107
2026-04-06 08:03:28.368,2.243509457333036
2026-04-06 09:03:11.964,2.950472895977215
2026-04-06 10:03:20.194,3.6016096270078477
2026-04-06 11:03:50.677,4.524033313892139
2026-04-06 12:04:19.506,5.269738825066506
2026-04-06 13:02:36.709,4.834071564199438
2026-04-06 14:03:53.645,2.8372333436193147
2026-04-06 15:04:29.587,2.178768683245248
2026-04-06 16:04:24.429,2.4640771541936157
2026-04-06 17:04:10.029,1.5363892926956382
2026-04-06 18:04:26.878,0.8914816186388796
2026-04-06 19:04:27.441,1.072615369232864
2026-04-06 20:03:06.839,1.0945091717799071
2026-04-06 21:04:04.924,1.1299218109141274
2026-04-06 22:04:16.968,0.9714584410815545
2026-04-06 23:02:35.342,0.6574840557804084
2026-04-07 00:03:34.603,0.5401557369615204
2026-04-07 01:03:26.595,0.20228554539316385
2026-04-07 02:03:25.893,0.18805111869547952
2026-04-07 03:03:21.043,0.15108981388057163
2026-04-07 04:02:01.467,0.1877062225740879
2026-04-07 05:02:10.788,0.3794007107782785
2026-04-07 06:02:29.812,0.28804320508806575
2026-04-07 07:01:38.260,0.2911942181325246
2026-04-07 08:01:03.150,0.4948070389403
2026-04-07 09:03:29.488,0.507609772898873
2026-04-07 10:03:41.934,0.8332316755834713
2026-04-07 11:03:20.204,0.506676879880466
2026-04-07 12:04:06.177,0.7811700215210047
2026-04-07 13:04:07.764,1.4973712164622122
2026-04-07 14:04:29.730,2.084553890783504
2026-04-07 15:04:04.482,1.6495978753440228
2026-04-07 16:04:36.104,2.0322107766810893
2026-04-07 17:04:18.479,2.1059126942062414
2026-04-07 18:04:28.320,2.5393718205853397
2026-04-07 19:04:15.658,1.486784405485193
2026-04-07 20:04:13.581,2.229145897478315
2026-04-07 21:04:24.530,2.417576245054325
2026-04-07 22:04:25.138,3.4045214292460053
2026-04-07 23:04:17.111,3.8541159069921513
2026-04-08 00:03:54.497,3.862067647493751
2026-04-08 01:03:24.503,4.882515830643524
2026-04-08 02:03:34.562,4.960377733396082
2026-04-08 03:04:35.813,4.403430398681956
2026-04-08 04:04:16.191,3.998686604462426
2026-04-08 05:03:53.528,5.410758080042048
2026-04-08 06:03:45.504,5.561945018130949
2026-04-08 07:03:36.934,5.438586732792472
2026-04-08 08:03:07.445,5.067036761642102
2026-04-08 09:03:03.975,10.723718635785831
2026-04-08 10:03:10.428,8.6315552315403
2026-04-08 11:03:05.062,8.471586150951817
2026-04-08 12:03:02.812,4.984854553995431
2026-04-08 13:03:05.741,1.946655972801053
2026-04-08 14:03:05.617,1.5006789711078568
2026-04-08 15:03:05.664,1.4595251457334477
2026-04-08 16:03:06.548,1.7537476318589553
2026-04-08 17:03:04.040,2.2271747806448543
2026-04-08 18:03:04.687,2.105714135895937
2026-04-08 19:03:01.989,0.8648793178715503
2026-04-08 20:03:06.686,0.9263956608142219
2026-04-08 21:03:07.264,1.6424371185073978
2026-04-08 22:03:06.675,2.3904599888764295
2026-04-08 23:03:12.787,4.189120570935644
2026-04-09 00:03:15.154,0.9656036840938435
2026-04-09 01:03:10.116,0.752127582179144
2026-04-09 02:01:33.542,0.7673842584857828
2026-04-09 03:02:02.274,0.7869203537633308
2026-04-09 04:03:16.476,0.7586273219025887
2026-04-09 05:04:21.184,0.7536535462650977
2026-04-09 06:04:06.303,0.6712731740557825
2026-04-09 07:02:38.696,0.6386605780398495
2026-04-09 08:02:32.915,0.6225515958124518
2026-04-09 09:02:36.752,0.6982243862674582
2026-04-09 10:02:36.816,0.681261373382837
2026-04-09 11:02:37.081,0.5393730291266489
2026-04-09 12:00:46.151,0.42050893667351397
2026-04-09 13:01:02.945,0.10481041348497647
2026-04-09 14:01:06.312,0.27388546971608607
2026-04-09 15:02:52.274,0.6817955793194433
2026-04-09 16:02:49.359,1.1384668963456857
2026-04-09 17:02:48.160,1.0139257990689199
2026-04-09 18:02:49.544,1.0166782918035953
2026-04-09 19:02:45.298,1.2702716449802713
2026-04-09 20:02:42.443,1.7110129410385932
2026-04-09 21:02:44.840,1.9481882408642825
2026-04-09 22:02:43.962,2.0058275954603353
2026-04-09 23:02:30.799,1.4158179136662588
2026-04-10 00:02:16.498,0.794319227040111
2026-04-10 01:03:33.003,1.0428917614761506
2026-04-10 02:03:30.062,1.0332335285052894
2026-04-10 03:03:27.350,1.0415320884675856
2026-04-10 04:00:36.636,0.9568662799113554
2026-04-10 05:00:51.831,0.891085077283088
2026-04-10 06:03:49.020,0.48280628812938053
2026-04-10 07:04:37.461,0.5152610122374524
2026-04-10 08:04:43.144,0.6840805170356896
2026-04-10 09:02:58.441,0.6375737503491564
2026-04-10 10:02:23.588,0.8015715310634631
2026-04-10 11:02:03.829,0.6197062878868329
2026-04-10 12:02:45.510,0.6743315409362742
2026-04-10 13:02:42.969,0.8450522877008555
2026-04-10 14:02:44.433,2.0983679859104125
2026-04-10 14:21:06.000,1.7711882717350236
