timestamp,buySellRatio
2026-02-04 19:01:53.196,0.5
2026-02-04 20:03:08.330,0.5
2026-02-04 21:01:27.166,0.5
2026-02-04 22:01:13.425,0.5
2026-02-04 23:02:09.324,0.5
2026-02-05 00:00:55.496,0.5
2026-02-05 01:00:00.895,0.5
2026-02-05 02:01:46.893,0.5
2026-02-05 03:02:38.102,0.5
2026-02-05 04:03:07.326,0.5
2026-02-05 05:03:06.494,0.5
2026-02-05 06:02:23.422,0.5
2026-02-05 07:03:06.245,0.5
2026-02-05 08:01:59.164,0.5
2026-02-05 09:02:31.076,0.5
2026-02-05 10:02:45.057,0.5
2026-02-05 11:02:41.313,0.5
2026-02-05 12:03:29.145,0.5
2026-02-05 13:03:04.900,0.5
2026-02-05 14:02:43.145,0.5
2026-02-05 15:00:11.786,0.5
2026-02-05 16:02:46.222,0.5
2026-02-05 17:03:13.780,0.5
2026-02-05 18:03:01.800,0.5
2026-02-05 19:02:39.349,0.5
2026-02-05 20:02:51.405,0.5
2026-02-05 21:03:15.661,0.5
2026-02-05 22:02:54.222,0.5
2026-02-05 23:02:55.876,0.5
2026-02-06 00:02:36.443,0.5
2026-02-06 01:01:29.825,0.5
2026-02-06 02:01:17.190,0.5
2026-02-06 03:00:20.389,0.5
2026-02-06 04:02:53.576,0.5
2026-02-06 05:02:53.807,0.5
2026-02-06 06:01:17.947,0.5
2026-02-06 07:04:07.779,0.5
2026-02-06 08:03:07.312,0.5
2026-02-06 09:03:00.537,0.5
2026-02-06 10:03:12.192,0.5
2026-02-06 11:02:57.246,0.5
2026-02-06 12:03:12.244,0.5
2026-02-06 13:03:17.628,0.5
2026-02-06 14:02:40.159,0.5
2026-02-06 15:00:48.700,0.5
2026-02-06 16:03:28.157,0.5
2026-02-06 17:01:44.149,0.5
2026-02-06 18:02:25.034,0.5
2026-02-06 19:02:44.474,0.5
2026-02-06 20:01:15.199,0.5
2026-02-06 21:02:31.874,0.5
2026-02-06 22:03:17.464,0.5
2026-02-06 23:02:16.208,0.5
2026-02-07 00:02:42.039,0.5
2026-02-07 01:02:59.435,0.5
2026-02-07 02:02:52.372,0.5
2026-02-07 03:03:42.235,0.5
2026-02-07 04:02:25.702,0.5
2026-02-07 05:03:18.348,0.5
2026-02-07 06:03:29.475,0.5
2026-02-07 07:02:52.551,0.5
2026-02-07 08:00:50.581,0.5
2026-02-07 09:00:49.665,0.5
2026-02-07 10:00:54.363,0.5
2026-02-07 11:01:02.781,0.5
2026-02-07 12:00:19.025,0.5
2026-02-07 13:02:11.606,0.5
2026-02-07 14:01:10.416,0.5
2026-02-07 15:03:04.485,0.5
2026-02-07 16:03:59.041,0.5
2026-02-07 17:03:34.359,0.5
2026-02-07 18:03:07.984,0.5
2026-02-07 19:03:21.403,0.5
2026-02-07 20:03:22.956,0.5
2026-02-07 21:03:02.790,0.5
2026-02-07 22:02:06.023,0.5
2026-02-07 23:03:05.185,0.5
2026-02-08 00:03:14.179,0.5
2026-02-08 01:03:04.980,0.5
2026-02-08 02:03:54.661,0.5
2026-02-08 03:04:34.957,0.5
2026-02-08 04:04:36.508,0.5
2026-02-08 05:04:13.647,0.5
2026-02-08 06:04:20.758,0.5
2026-02-08 07:04:31.327,0.5
2026-02-08 08:04:32.879,0.5
2026-02-08 09:02:53.492,0.5
2026-02-08 10:02:06.763,0.5
2026-02-08 11:03:39.547,0.5
2026-02-08 12:03:51.632,0.5
2026-02-08 13:02:20.806,0.5
2026-02-08 14:04:05.655,0.5
2026-02-08 15:04:25.884,0.5
2026-02-08 16:03:07.196,0.5
2026-02-08 17:02:55.796,0.5
2026-02-08 18:03:44.734,0.5
2026-02-08 19:03:21.553,0.5
2026-02-08 20:03:15.032,0.5
2026-02-08 21:04:33.526,0.5
2026-02-08 22:04:47.534,0.5
2026-02-08 23:03:38.005,0.5
2026-02-09 00:03:43.504,0.5
2026-02-09 01:04:03.314,0.5
2026-02-09 02:03:35.490,0.5
2026-02-09 03:03:23.255,0.5
2026-02-09 04:03:41.470,0.5
2026-02-09 05:03:25.571,0.5
2026-02-09 06:03:36.004,0.5
2026-02-09 07:03:35.443,0.5
2026-02-09 08:04:33.325,0.5
2026-02-09 09:00:04.730,0.5
2026-02-09 10:00:04.838,0.5
2026-02-09 11:03:45.013,0.5
2026-02-09 12:03:55.154,0.5
2026-02-09 13:03:43.176,0.5
2026-02-09 14:03:47.287,0.5
2026-02-09 15:04:24.642,0.5
2026-02-09 16:04:29.590,0.5
2026-02-09 17:03:19.845,0.5
2026-02-09 18:01:09.581,0.5
2026-02-09 19:03:13.526,0.5
2026-02-09 20:03:54.581,0.5
2026-02-09 21:03:54.520,0.5
2026-02-09 22:04:34.568,0.5
2026-02-09 23:04:33.680,0.5
2026-02-10 00:03:15.798,0.5
2026-02-10 01:04:56.722,0.5
2026-02-10 02:03:57.625,0.5
2026-02-10 03:03:37.455,0.5
2026-02-10 04:03:14.483,0.5
2026-02-10 05:04:08.173,0.5
2026-02-10 06:03:47.882,0.5
2026-02-10 07:03:44.282,0.5
2026-02-10 08:00:41.372,0.5
2026-02-10 09:00:20.660,0.5
2026-02-10 10:00:36.270,0.5
2026-02-10 11:02:24.112,0.5
2026-02-10 12:03:41.104,0.5
2026-02-10 13:03:07.726,0.5
2026-02-10 14:02:26.124,0.5
2026-02-10 15:00:40.433,0.5
2026-02-10 16:02:40.840,0.5
2026-02-10 17:03:05.471,0.5
2026-02-10 18:01:54.529,0.5
2026-02-10 19:02:34.726,0.5
2026-02-10 20:00:33.373,0.5
2026-02-10 21:02:50.100,0.5
2026-02-10 22:03:25.992,0.5
2026-02-10 23:03:22.378,0.5
2026-02-11 00:00:13.960,0.5
2026-02-11 01:02:08.949,0.5
2026-02-11 02:04:12.582,0.5
2026-02-11 03:00:21.247,0.5
2026-02-11 04:01:47.936,0.5
2026-02-11 05:02:52.839,0.5
2026-02-11 06:03:01.379,0.5
2026-02-11 07:02:42.975,0.5
2026-02-11 08:03:23.050,0.5
2026-02-11 09:03:36.257,0.5
2026-02-11 10:03:20.322,0.5
2026-02-11 11:03:12.221,0.5
2026-02-11 12:03:45.415,0.5
2026-02-11 13:02:45.505,0.5
2026-02-11 14:03:28.834,0.5
2026-02-11 15:03:18.968,0.5
2026-02-11 16:02:28.177,0.5
2026-02-11 17:02:27.463,0.5
2026-02-11 18:03:37.358,0.5
2026-02-11 19:02:56.410,0.5
2026-02-11 20:03:26.280,0.5
2026-02-11 21:03:31.833,0.5
2026-02-11 22:03:11.684,0.5
2026-02-11 23:03:43.851,0.5
2026-02-12 00:03:14.942,0.5
2026-02-12 01:03:05.864,0.5
2026-02-12 02:02:44.944,0.5
2026-02-12 03:02:17.755,0.5
2026-02-12 04:03:00.699,0.5
2026-02-12 05:02:26.654,0.5
2026-02-12 06:03:35.181,0.5
2026-02-12 07:02:27.937,0.5
2026-02-12 08:01:16.408,0.5
2026-02-12 09:00:05.147,0.5
2026-02-12 10:00:22.567,0.5
2026-02-12 11:04:00.945,0.5
2026-02-12 12:03:05.853,0.5
2026-02-12 13:00:31.847,0.5
2026-02-12 14:02:56.056,0.5
2026-02-12 15:00:43.728,0.5
2026-02-12 16:00:28.451,0.5
2026-02-12 17:00:27.306,0.5
2026-02-12 18:00:29.120,0.5
2026-02-12 19:03:07.728,0.5
2026-02-12 20:00:58.123,0.5
2026-02-12 21:00:14.014,0.5
2026-02-12 22:03:56.660,0.5
2026-02-12 23:02:13.236,0.5
2026-02-13 00:01:57.760,0.5
2026-02-13 01:02:10.872,0.5
2026-02-13 02:02:18.557,0.5
2026-02-13 03:03:35.732,0.5
2026-02-13 04:04:00.605,0.5
2026-02-13 05:03:18.924,0.5
2026-02-13 06:02:05.963,0.5
2026-02-13 07:01:16.952,0.5
2026-02-13 08:01:57.102,0.5
2026-02-13 09:02:03.015,0.5
2026-02-13 10:00:08.332,0.5
2026-02-13 11:00:20.243,0.5
2026-02-13 12:01:41.860,0.5
2026-02-13 13:02:39.033,0.5
2026-02-13 14:02:29.889,0.5
2026-02-13 15:02:36.161,0.5
2026-02-13 16:02:25.449,0.5
2026-02-13 17:01:58.234,0.5
2026-02-13 18:00:12.728,0.5
2026-02-13 19:03:29.162,0.5
2026-02-13 20:03:32.772,0.5
2026-02-13 21:03:49.405,0.5
2026-02-13 22:03:51.518,0.5
2026-02-13 23:02:21.396,0.5
2026-02-14 00:01:35.305,0.5
2026-02-14 01:01:34.983,0.5
2026-02-14 02:01:20.998,0.5
2026-02-14 03:01:33.183,0.5
2026-02-14 04:00:25.281,0.5
2026-02-14 05:00:25.100,0.5
2026-02-14 06:00:24.704,0.5
2026-02-14 07:03:09.182,0.5
2026-02-14 08:03:24.970,0.5
2026-02-14 09:03:42.548,0.5
2026-02-14 10:02:29.396,0.5
2026-02-14 11:03:49.721,0.5
2026-02-14 12:01:44.509,0.5
2026-02-14 13:01:59.773,0.5
2026-02-14 14:03:29.435,0.5
2026-02-14 15:03:30.652,0.5
2026-02-14 16:03:04.293,0.5
2026-02-14 17:02:43.641,0.5
2026-02-14 18:03:29.896,0.5
2026-02-14 19:00:49.995,0.5
2026-02-14 20:03:20.732,0.5
2026-02-14 21:00:12.626,0.5
2026-02-14 22:00:10.372,0.5
2026-02-14 23:02:45.177,0.5
2026-02-15 00:03:42.654,0.5
2026-02-15 01:03:13.317,0.5
2026-02-15 02:02:12.000,0.5
2026-02-15 03:01:57.413,0.5
2026-02-15 04:03:56.499,0.5
2026-02-15 05:02:48.765,0.5
2026-02-15 06:02:42.775,0.5
2026-02-15 07:03:41.338,0.5
2026-02-15 08:02:33.401,0.5
2026-02-15 09:03:24.855,0.5
2026-02-15 10:02:31.140,0.5
2026-02-15 11:02:41.082,0.5
2026-02-15 12:02:40.248,0.5
2026-02-15 13:03:36.296,0.5
2026-02-15 14:03:22.214,0.5
2026-02-15 15:03:35.692,0.5
2026-02-15 16:00:01.850,0.5
2026-02-15 17:02:22.936,0.5
2026-02-15 18:03:56.320,0.5
2026-02-15 19:02:07.139,0.5
2026-02-15 20:03:10.589,0.5
2026-02-15 21:00:58.188,0.5
2026-02-15 22:02:38.046,0.5
2026-02-15 23:04:16.376,0.5
2026-02-16 00:01:27.221,0.5
2026-02-16 01:01:53.229,0.5
2026-02-16 02:03:03.876,0.5
2026-02-16 03:02:57.163,0.5
2026-02-16 04:02:43.050,0.5
2026-02-16 05:01:42.024,0.5
2026-02-16 06:02:09.646,0.5
2026-02-16 07:03:48.518,0.5
2026-02-16 08:02:53.818,0.5
2026-02-16 09:03:00.747,0.5
2026-02-16 10:02:28.003,0.5
2026-02-16 11:02:36.686,0.5
2026-02-16 12:01:10.941,0.5
2026-02-16 13:02:23.868,0.5
2026-02-16 14:03:39.888,0.5
2026-02-16 15:03:44.092,0.5
2026-02-16 16:00:16.755,0.5
2026-02-16 17:03:51.136,0.5
2026-02-16 18:03:06.462,0.5
2026-02-16 19:03:38.953,0.5
2026-02-16 20:03:26.685,0.5
2026-02-16 21:03:40.915,0.5
2026-02-16 22:00:22.475,0.5
2026-02-16 23:02:29.664,0.5
2026-02-17 00:02:38.397,0.5
2026-02-17 01:01:49.800,0.5
2026-02-17 02:02:11.692,0.5
2026-02-17 03:02:12.099,0.5
2026-02-17 04:01:52.717,0.5
2026-02-17 05:02:04.691,0.5
2026-02-17 06:02:21.707,0.5
2026-02-17 07:02:13.780,0.5
2026-02-17 08:01:02.123,0.5
2026-02-17 09:02:58.384,0.5
2026-02-17 10:02:49.890,0.5
2026-02-17 11:00:29.389,0.5
2026-02-17 12:01:33.020,0.5
2026-02-17 13:02:03.330,0.5
2026-02-17 14:01:38.600,0.5
2026-02-17 15:00:13.768,0.5
2026-02-17 16:00:26.451,0.5
2026-02-17 17:01:05.539,0.5
2026-02-17 18:02:25.975,0.5
2026-02-17 19:00:57.762,0.5
2026-02-17 20:04:32.903,0.5
2026-02-17 21:02:03.674,0.5
2026-02-17 22:03:51.592,0.5
2026-02-17 23:03:19.308,0.5
2026-02-18 00:02:51.653,0.5
2026-02-18 01:02:43.482,0.5
2026-02-18 02:02:18.315,0.5
2026-02-18 03:01:44.817,0.5
2026-02-18 04:02:37.453,0.5
2026-02-18 05:01:29.549,0.5
2026-02-18 06:01:49.678,0.5
2026-02-18 07:02:55.604,0.5
2026-02-18 08:01:08.653,0.5
2026-02-18 09:00:01.554,0.5
2026-02-18 10:02:35.289,0.5
2026-02-18 11:02:24.650,0.5
2026-02-18 12:02:48.506,0.5
2026-02-18 13:00:26.335,0.5
2026-02-18 14:01:16.316,0.5
2026-02-18 15:01:17.203,0.5
2026-02-18 16:00:00.308,0.5
2026-02-18 17:02:33.076,0.5
2026-02-18 18:01:51.242,0.5
2026-02-18 19:02:09.730,0.5
2026-02-18 20:01:52.389,0.5
2026-02-18 21:02:07.083,0.5
2026-02-18 22:02:03.331,0.5
2026-02-18 23:02:24.205,0.5
2026-02-19 00:01:22.546,0.5
2026-02-19 01:02:22.221,0.5
2026-02-19 02:02:35.669,0.5
2026-02-19 03:02:42.038,0.5
2026-02-19 04:00:22.549,0.5
2026-02-19 05:00:23.965,0.5
2026-02-19 06:00:20.993,0.5
2026-02-19 07:00:25.388,0.5
2026-02-19 08:00:25.322,0.5
2026-02-19 09:00:23.471,0.5
2026-02-19 10:00:27.697,0.5
2026-02-19 11:00:25.233,0.5
2026-02-19 12:00:26.425,0.5
2026-02-19 13:00:26.228,0.5
2026-02-19 14:00:22.296,0.5
2026-02-19 15:02:22.181,0.5
2026-02-19 16:02:17.508,0.5
2026-02-19 17:01:33.567,0.5
2026-02-19 18:01:30.033,0.5
2026-02-19 19:01:59.412,0.5
2026-02-19 20:02:12.491,0.5
2026-02-19 21:01:30.535,0.5
2026-02-19 22:01:15.589,0.5
2026-02-19 23:03:36.081,0.5
2026-02-20 00:02:50.424,0.5
2026-02-20 01:01:50.577,0.5
2026-02-20 02:02:07.726,0.5
2026-02-20 03:00:30.853,0.5
2026-02-20 04:00:42.416,0.5
2026-02-20 05:00:42.670,0.5
2026-02-20 06:00:31.700,0.5
2026-02-20 07:02:49.744,0.5
2026-02-20 08:03:26.929,0.5
2026-02-20 09:03:05.569,0.5
2026-02-20 10:01:08.318,0.5
2026-02-20 11:03:27.911,0.5
2026-02-20 12:00:08.809,0.5
2026-02-20 13:03:49.511,0.5
2026-02-20 14:02:51.560,0.5
2026-02-20 15:01:37.887,0.5
2026-02-20 16:03:29.744,0.5
2026-02-20 17:01:28.115,0.5
2026-02-20 18:02:16.468,0.5
2026-02-20 19:02:27.934,0.5
2026-02-20 20:00:43.420,0.5
2026-02-20 21:00:49.832,0.5
2026-02-20 22:02:38.187,0.5
2026-02-20 23:02:30.714,0.5
2026-02-21 00:01:17.376,0.5
2026-02-21 01:01:16.724,0.5
2026-02-21 02:02:28.376,0.5
2026-02-21 03:02:10.791,0.5
2026-02-21 04:02:45.215,0.5
2026-02-21 05:01:59.228,0.5
2026-02-21 06:02:07.292,0.5
2026-02-21 07:02:24.355,0.5
2026-02-21 08:02:23.316,0.5
2026-02-21 09:02:03.450,0.5
2026-02-21 10:02:05.413,0.5
2026-02-21 11:02:05.367,0.5
2026-02-21 12:02:20.070,0.5
2026-02-21 13:01:11.963,0.5
2026-02-21 14:01:24.986,0.5
2026-02-21 15:01:25.083,0.5
2026-02-21 16:01:18.443,0.5
2026-02-21 17:03:15.247,0.5
2026-02-21 18:01:58.767,0.5
2026-02-21 19:03:17.401,0.5
2026-02-21 20:02:11.535,0.5
2026-02-21 21:02:23.251,0.5
2026-02-21 22:03:31.733,0.5
2026-02-21 23:02:52.745,0.5
2026-02-22 00:02:08.645,0.5
2026-02-22 01:02:45.001,0.5
2026-02-22 02:02:17.300,0.5
2026-02-22 03:02:44.932,0.5
2026-02-22 04:03:31.768,0.5
2026-02-22 05:02:51.169,0.5
2026-02-22 06:00:24.029,0.5
2026-02-22 07:00:17.554,0.5
2026-02-22 08:03:50.472,0.5
2026-02-22 09:01:40.616,0.5
2026-02-22 10:00:43.731,0.5
2026-02-22 11:02:50.458,0.5
2026-02-22 12:03:24.725,0.5
2026-02-22 13:02:28.317,0.5
2026-02-22 14:02:50.018,0.5
2026-02-22 15:03:14.719,0.5
2026-02-22 16:02:55.866,0.5
2026-02-22 17:00:33.237,0.5
2026-02-22 18:00:44.782,0.5
2026-02-22 19:02:39.611,0.5
2026-02-22 20:03:29.975,0.5
2026-02-22 21:03:14.635,0.5
2026-02-22 22:04:06.924,0.5
2026-02-22 23:02:52.545,0.5
2026-02-23 00:03:36.472,0.5
2026-02-23 01:02:54.712,0.5
2026-02-23 02:00:33.470,0.5
2026-02-23 03:00:29.234,0.5
2026-02-23 04:00:39.885,0.5
2026-02-23 05:00:40.585,0.5
2026-02-23 06:00:33.190,0.5
2026-02-23 07:00:40.500,0.5
2026-02-23 08:01:04.707,0.5
2026-02-23 09:01:13.451,0.5
2026-02-23 10:01:28.893,0.5
2026-02-23 11:02:24.628,0.5
2026-02-23 12:02:10.714,0.5
2026-02-23 13:02:30.483,0.5
2026-02-23 14:02:32.657,0.5
2026-02-23 15:02:41.313,0.5
2026-02-23 16:03:49.827,0.5
2026-02-23 17:03:53.906,0.5
2026-02-23 18:00:22.024,0.5
2026-02-23 19:03:09.997,0.5
2026-02-23 20:02:19.297,0.5
2026-02-23 21:03:43.073,0.5
2026-02-23 22:01:21.917,0.5
2026-02-23 23:02:45.259,0.5
2026-02-24 00:02:45.842,0.5
2026-02-24 01:03:38.851,0.5
2026-02-24 02:02:49.070,0.5
2026-02-24 03:02:57.935,0.5
2026-02-24 04:02:40.582,0.5
2026-02-24 05:03:34.418,0.5
2026-02-24 06:03:08.522,0.5
2026-02-24 07:02:23.167,0.5
2026-02-24 08:02:46.992,0.5
2026-02-24 09:03:37.411,0.5
2026-02-24 10:03:23.659,0.5
2026-02-24 11:04:12.991,0.5
2026-02-24 12:04:10.785,0.5
2026-02-24 13:02:53.735,0.5
2026-02-24 14:03:29.489,0.5
2026-02-24 15:03:04.457,0.5
2026-02-24 16:02:23.255,0.5
2026-02-24 17:03:28.679,0.5
2026-02-24 18:03:17.310,0.5
2026-02-24 19:02:27.907,0.5
2026-02-24 20:02:26.756,0.5
2026-02-24 21:03:06.257,0.5
2026-02-24 22:02:48.753,0.5
2026-02-24 23:02:29.598,0.5
2026-02-25 00:03:09.982,0.5
2026-02-25 01:02:51.751,0.5
2026-02-25 02:04:29.136,0.5
2026-02-25 03:02:18.006,0.5
2026-02-25 04:01:54.616,0.5
2026-02-25 05:01:35.300,0.5
2026-02-25 06:02:32.067,0.5
2026-02-25 07:02:30.681,0.5
2026-02-25 08:01:56.761,0.5
2026-02-25 09:02:24.164,0.5
2026-02-25 10:02:26.137,0.5
2026-02-25 11:02:30.274,0.5
2026-02-25 12:00:35.874,0.5
2026-02-25 13:00:42.600,0.5
2026-02-25 14:00:37.200,0.5
2026-02-25 15:02:07.811,0.5
2026-02-25 16:02:02.994,0.5
2026-02-25 17:02:21.812,0.5
2026-02-25 18:02:26.969,0.5
2026-02-25 19:03:05.471,0.5
2026-02-25 20:02:31.934,0.5
2026-02-25 21:02:05.216,0.5
2026-02-25 22:00:08.740,0.5
2026-02-25 23:03:21.425,0.5
2026-02-26 00:04:32.937,0.5
2026-02-26 01:03:24.007,0.5
2026-02-26 02:03:49.150,0.5
2026-02-26 03:03:22.552,0.5
2026-02-26 04:03:07.119,0.5
2026-02-26 05:00:58.887,0.5
2026-02-26 06:02:13.074,0.5
2026-02-26 07:03:28.907,0.5
2026-02-26 08:02:26.838,0.5
2026-02-26 09:02:48.684,0.5
2026-02-26 10:00:43.234,0.5
2026-02-26 11:03:33.129,0.5
2026-02-26 12:03:51.946,0.5
2026-02-26 13:03:33.369,0.5
2026-02-26 14:04:25.380,0.5
2026-02-26 15:03:25.775,0.5
2026-02-26 16:03:25.163,0.5
2026-02-26 17:03:06.616,0.5
2026-02-26 18:02:40.614,0.5
2026-02-26 19:03:03.361,0.5
2026-02-26 20:02:55.766,0.5
2026-02-26 21:01:08.759,0.5
2026-02-26 22:01:04.781,0.5
2026-02-26 23:01:31.766,0.5
2026-02-27 00:01:21.869,0.5
2026-02-27 01:01:57.091,0.5
2026-02-27 02:02:59.419,0.5
2026-02-27 03:03:32.233,0.5
2026-02-27 04:02:24.449,0.5
2026-02-27 05:02:04.436,0.5
2026-02-27 06:02:36.834,0.5
2026-02-27 07:02:23.535,0.5
2026-02-27 08:03:50.940,0.5
2026-02-27 09:03:47.360,0.5
2026-02-27 10:04:09.219,0.5
2026-02-27 11:03:21.681,0.5
2026-02-27 12:01:43.901,0.5
2026-02-27 13:01:55.431,0.5
2026-02-27 14:01:06.805,0.5
2026-02-27 15:02:02.471,0.5
2026-02-27 16:02:57.368,0.5
2026-02-27 17:03:38.514,0.5
2026-02-27 18:03:01.590,0.5
2026-02-27 19:00:03.596,0.5
2026-02-27 20:03:23.915,0.5
2026-02-27 21:04:17.399,0.5
2026-02-27 22:00:17.386,0.5
2026-02-27 23:02:43.507,0.5
2026-02-28 00:01:56.710,0.5
2026-02-28 01:02:13.663,0.5
2026-02-28 02:03:31.650,0.5
2026-02-28 03:04:11.341,0.5
2026-02-28 04:03:33.021,0.5
2026-02-28 05:03:02.190,0.5
2026-02-28 06:02:21.612,0.5
2026-02-28 07:03:18.155,0.5
2026-02-28 08:03:33.236,0.5
2026-02-28 09:04:09.772,0.5
2026-02-28 10:03:05.065,0.5
2026-02-28 11:03:03.856,0.5
2026-02-28 12:03:06.416,0.5
2026-02-28 13:03:03.133,0.5
2026-02-28 14:03:32.017,0.5
2026-02-28 15:03:17.551,0.5
2026-02-28 16:02:19.379,0.5
2026-02-28 17:02:31.931,0.5
2026-02-28 18:03:43.432,0.5
2026-02-28 19:01:54.044,0.5
2026-02-28 20:02:41.713,0.5
2026-02-28 21:03:04.432,0.5
2026-02-28 22:02:51.111,0.5
2026-02-28 23:01:17.276,0.5
2026-03-01 00:01:47.784,0.5
2026-03-01 01:02:50.477,0.5
2026-03-01 02:03:27.826,0.5
2026-03-01 03:03:49.579,0.5
2026-03-01 04:03:24.959,0.5
2026-03-01 05:03:15.278,0.5
2026-03-01 06:01:22.974,0.5
2026-03-01 07:02:42.948,0.5
2026-03-01 08:03:01.753,0.5
2026-03-01 09:03:33.529,0.5
2026-03-01 10:03:48.681,0.5
2026-03-01 11:02:36.655,0.5
2026-03-01 12:03:39.864,0.5
2026-03-01 13:03:22.226,0.5
2026-03-01 14:03:46.591,0.5
2026-03-01 15:03:24.522,0.5
2026-03-01 16:04:11.697,0.5
2026-03-01 17:03:50.410,0.5
2026-03-01 18:02:16.750,0.5
2026-03-01 19:02:39.851,0.5
2026-03-01 20:02:02.170,0.5
2026-03-01 21:02:30.539,0.5
2026-03-01 22:03:19.954,0.5
2026-03-01 23:03:08.524,0.5
2026-03-02 00:03:24.968,0.5
2026-03-02 01:02:16.471,0.5
2026-03-02 02:02:23.727,0.5
2026-03-02 03:01:38.098,0.5
2026-03-02 04:01:38.054,0.5
2026-03-02 05:01:34.804,0.5
2026-03-02 06:01:35.113,0.5
2026-03-02 07:01:33.802,0.5
2026-03-02 08:01:03.796,0.5
2026-03-02 09:01:54.655,0.5
2026-03-02 10:03:26.196,0.5
2026-03-02 11:02:43.590,0.5
2026-03-02 12:04:11.591,0.5
2026-03-02 13:02:24.153,0.5
2026-03-02 14:03:27.496,0.5
2026-03-02 15:02:58.250,0.5
2026-03-02 16:03:12.161,0.5
2026-03-02 17:02:54.692,0.5
2026-03-02 18:02:43.660,0.5
2026-03-02 19:00:43.872,0.5
2026-03-02 20:02:58.323,0.5
2026-03-02 21:02:18.294,0.5
2026-03-02 22:02:21.301,0.5
2026-03-02 23:02:32.139,0.5
2026-03-03 00:03:46.360,0.5
2026-03-03 01:02:14.114,0.5
2026-03-03 01:57:37.365,0.5
2026-03-03 02:03:33.263,0.5
2026-03-03 03:03:26.679,0.5
2026-03-03 04:03:00.748,0.5
2026-03-03 05:03:09.381,0.5
2026-03-03 06:02:11.613,0.5
2026-03-03 07:02:25.766,0.5
2026-03-03 08:03:14.569,0.5
2026-03-03 09:04:16.518,0.5
2026-03-03 10:00:59.160,0.5
2026-03-03 11:00:47.290,0.5
2026-03-03 12:02:28.336,0.5
2026-03-03 13:00:24.155,0.5
2026-03-03 14:00:29.894,0.5
2026-03-03 15:03:51.300,0.5
2026-03-03 16:02:58.775,0.5
2026-03-03 17:02:22.250,0.5
2026-03-03 18:03:32.221,0.5
2026-03-03 19:02:54.828,0.5
2026-03-03 20:03:35.190,0.5
2026-03-03 21:03:08.657,0.5
2026-03-03 22:03:07.935,0.5
2026-03-03 23:03:36.923,0.5
2026-03-04 00:02:05.877,0.5
2026-03-04 01:03:11.994,0.5
2026-03-04 02:04:10.988,0.5
2026-03-04 03:03:12.675,0.5
2026-03-04 04:02:50.221,0.5
2026-03-04 05:03:36.132,0.5
2026-03-04 06:04:24.873,0.5
2026-03-04 07:02:38.238,0.5
2026-03-04 08:02:11.507,0.5
2026-03-04 09:02:32.084,0.5
2026-03-04 10:02:40.220,0.5
2026-03-04 11:02:50.629,0.5
2026-03-04 12:00:43.683,0.5
2026-03-04 13:00:38.552,0.5
2026-03-04 14:00:48.272,0.5
2026-03-04 15:03:45.065,0.5
2026-03-04 16:04:21.798,0.5
2026-03-04 17:03:09.686,0.5
2026-03-04 18:04:02.567,0.5
2026-03-04 19:03:07.057,0.5
2026-03-04 20:03:55.892,0.5
2026-03-04 21:03:35.327,0.5
2026-03-04 22:01:53.001,0.5
2026-03-04 23:02:23.932,0.5
2026-03-05 00:03:46.268,0.5
2026-03-05 01:01:56.789,0.5
2026-03-05 02:02:06.771,0.5
2026-03-05 03:01:39.034,0.5
2026-03-05 04:01:53.525,0.5
2026-03-05 05:03:07.193,0.5
2026-03-05 06:01:49.133,0.5
2026-03-05 07:00:17.610,0.5
2026-03-05 08:00:17.486,0.5
2026-03-05 09:02:51.227,0.5
2026-03-05 10:03:17.077,0.5
2026-03-05 11:03:11.213,0.5
2026-03-05 12:02:29.386,0.5
2026-03-05 13:03:03.233,0.5
2026-03-05 14:00:17.339,0.5
2026-03-05 15:03:05.972,0.5
2026-03-05 16:03:39.775,0.5
2026-03-05 17:00:14.673,0.5
2026-03-05 18:03:58.756,0.5
2026-03-05 19:03:45.529,0.5
2026-03-05 20:00:19.789,0.5
2026-03-05 21:00:20.484,0.5
2026-03-05 22:03:06.057,0.5
2026-03-05 23:02:36.835,0.5
2026-03-06 00:01:32.161,0.5
2026-03-06 01:03:12.448,0.5
2026-03-06 02:02:27.936,0.5
2026-03-06 03:02:03.186,0.5
2026-03-06 04:02:06.431,0.5
2026-03-06 05:03:31.563,0.5
2026-03-06 06:03:07.514,0.5
2026-03-06 07:02:46.797,0.5
2026-03-06 08:03:23.339,0.5
2026-03-06 09:03:21.556,0.5
2026-03-06 10:02:25.786,0.5
2026-03-06 11:03:29.355,0.5
2026-03-06 12:02:02.698,0.5
2026-03-06 13:02:53.616,0.5
2026-03-06 14:03:39.020,0.5
2026-03-06 15:03:10.405,0.5
2026-03-06 16:03:11.879,0.5
2026-03-06 17:03:16.446,0.5
2026-03-06 18:03:08.817,0.5
2026-03-06 19:03:31.117,0.5
2026-03-06 20:02:23.504,0.5
2026-03-06 21:02:41.839,0.5
2026-03-06 22:01:42.336,0.5
2026-03-06 23:02:35.844,0.5
2026-03-07 00:03:11.285,0.5
2026-03-07 01:02:12.662,0.5
2026-03-07 02:01:51.593,0.5
2026-03-07 03:01:46.010,0.5
2026-03-07 04:00:46.518,0.5
2026-03-07 05:00:48.665,0.5
2026-03-07 06:00:52.674,0.5
2026-03-07 07:04:25.961,0.5
2026-03-07 08:03:47.031,0.5
2026-03-07 09:02:37.042,0.5
2026-03-07 10:03:03.828,0.5
2026-03-07 11:00:35.291,0.5
2026-03-07 12:00:37.972,0.5
2026-03-07 13:00:43.736,0.5
2026-03-07 14:00:35.754,0.5
2026-03-07 15:00:42.018,0.5
2026-03-07 16:00:40.908,0.5
2026-03-07 17:00:32.118,0.5
2026-03-07 18:00:38.873,0.5
2026-03-07 19:03:16.524,0.5
2026-03-07 20:02:14.497,0.5
2026-03-07 21:03:25.254,0.5
2026-03-07 22:02:44.841,0.5
2026-03-07 23:02:36.830,0.5
2026-03-08 00:02:20.618,0.5
2026-03-08 01:03:53.166,0.5
2026-03-08 02:03:15.491,0.5
2026-03-08 03:02:27.932,0.5
2026-03-08 04:03:04.310,0.5
2026-03-08 05:02:10.834,0.5
2026-03-08 06:03:05.679,0.5
2026-03-08 07:02:24.706,0.5
2026-03-08 08:02:55.798,0.5
2026-03-08 09:02:55.643,0.5
2026-03-08 10:02:44.046,0.5
2026-03-08 11:02:45.333,0.5
2026-03-08 12:02:12.012,0.5
2026-03-08 13:03:23.546,0.5
2026-03-08 14:03:15.397,0.5
2026-03-08 15:03:25.282,0.5
2026-03-08 16:00:25.004,0.5
2026-03-08 17:00:28.931,0.5
2026-03-08 18:00:38.110,0.5
2026-03-08 19:00:37.515,0.5
2026-03-08 20:00:17.467,0.5
2026-03-08 21:04:12.559,0.5
2026-03-08 22:02:39.347,0.5
2026-03-08 23:03:13.836,0.5
2026-03-09 00:03:20.877,0.5
2026-03-09 01:03:32.255,0.5
2026-03-09 02:03:20.144,0.5
2026-03-09 03:03:49.044,0.5
2026-03-09 04:03:46.254,0.5
2026-03-09 05:04:18.380,0.5
2026-03-09 06:01:15.012,0.5
2026-03-09 07:03:13.290,0.5
2026-03-09 08:02:31.025,0.5
2026-03-09 09:01:29.954,0.5
2026-03-09 10:02:33.907,0.5
2026-03-09 11:04:00.027,0.5
2026-03-09 12:03:25.962,0.5
2026-03-09 13:03:49.614,0.5
2026-03-09 14:03:28.318,0.5
2026-03-09 15:04:13.114,0.5
2026-03-09 16:03:48.120,0.5
2026-03-09 17:03:57.542,0.5
2026-03-09 18:03:59.745,0.5
2026-03-09 19:04:26.272,0.5
2026-03-09 20:03:30.215,0.5
2026-03-09 21:04:20.301,0.5
2026-03-09 22:03:51.916,0.5
2026-03-09 23:04:09.249,0.5
2026-03-10 00:03:49.486,0.5
2026-03-10 01:03:38.812,0.5
2026-03-10 02:03:53.165,0.5
2026-03-10 03:03:16.933,0.5
2026-03-10 04:04:34.007,0.5
2026-03-10 05:02:51.466,0.5
2026-03-10 06:03:03.958,0.5
2026-03-10 07:03:50.249,0.5
2026-03-10 08:03:24.743,0.5
2026-03-10 09:03:21.062,0.5
2026-03-10 10:02:45.259,0.5
2026-03-10 11:03:27.261,0.5
2026-03-10 12:03:49.409,0.5
2026-03-10 13:03:53.230,0.5
2026-03-10 14:03:25.307,0.5
2026-03-10 15:04:19.529,0.5
2026-03-10 16:04:31.020,0.5
2026-03-10 17:02:20.911,0.5
2026-03-10 18:03:10.326,0.5
2026-03-10 19:00:24.598,0.5
2026-03-10 20:00:26.374,0.5
2026-03-10 21:03:38.407,0.5
2026-03-10 22:03:14.820,0.5
2026-03-10 23:02:59.948,0.5
2026-03-11 00:04:28.689,0.5
2026-03-11 01:03:18.297,0.5
2026-03-11 02:00:50.053,0.5
2026-03-11 03:03:52.157,0.5
2026-03-11 04:02:42.538,0.5
2026-03-11 05:02:49.309,0.5
2026-03-11 06:02:58.581,0.5
2026-03-11 07:01:49.829,0.5
2026-03-11 08:02:21.600,0.5
2026-03-11 09:02:35.758,0.5
2026-03-11 10:02:38.293,0.5
2026-03-11 11:03:38.673,0.5
2026-03-11 12:03:43.035,0.5
2026-03-11 13:02:49.682,0.5
2026-03-11 14:04:02.944,0.5
2026-03-11 15:02:17.312,0.5
2026-03-11 16:03:17.820,0.5
2026-03-11 17:03:13.283,0.5
2026-03-11 18:03:49.412,0.5
2026-03-11 19:03:25.558,0.5
2026-03-11 20:03:06.719,0.5
2026-03-11 21:02:25.814,0.5
2026-03-11 22:03:19.657,0.5
2026-03-11 23:03:07.506,0.5
2026-03-12 00:02:38.684,0.5
2026-03-12 01:02:42.041,0.5
2026-03-12 02:03:26.163,0.5
2026-03-12 03:03:33.549,0.5
2026-03-12 04:02:44.395,0.5
2026-03-12 05:03:22.924,0.5
2026-03-12 06:02:28.565,0.5
2026-03-12 07:02:17.641,0.5
2026-03-12 08:00:16.444,0.5
2026-03-12 09:02:14.011,0.5
2026-03-12 10:02:02.780,0.5
2026-03-12 11:02:20.676,0.5
2026-03-12 12:00:38.619,0.5
2026-03-12 13:01:57.554,0.5
2026-03-12 14:00:20.482,0.5
2026-03-12 15:00:04.869,0.5
2026-03-12 16:02:56.080,0.5
2026-03-12 17:02:14.259,0.5
2026-03-12 18:00:55.306,0.5
2026-03-12 19:01:08.658,0.5
2026-03-12 20:01:01.283,0.5
2026-03-12 21:03:11.112,0.5
2026-03-12 22:01:07.678,0.5
2026-03-12 23:00:14.626,0.5
2026-03-13 00:00:17.974,0.5
2026-03-13 01:00:16.912,0.5
2026-03-13 02:02:19.766,0.5
2026-03-13 03:01:30.098,0.5
2026-03-13 04:03:17.343,0.5
2026-03-13 05:01:01.968,0.5
2026-03-13 06:02:14.726,0.5
2026-03-13 07:02:04.919,0.5
2026-03-13 08:02:32.366,0.5
2026-03-13 09:02:12.278,0.5
2026-03-13 10:02:46.702,0.5
2026-03-13 11:03:23.450,0.5
2026-03-13 12:04:00.904,0.5
2026-03-13 13:03:58.577,0.5
2026-03-13 14:01:41.818,0.5
2026-03-13 15:03:13.050,0.5
2026-03-13 16:03:45.180,0.5
2026-03-13 17:00:43.186,0.5
2026-03-13 18:02:37.772,0.5
2026-03-13 19:02:40.784,0.5
2026-03-13 20:03:15.397,0.5
2026-03-13 21:02:12.779,0.5
2026-03-13 22:02:23.586,0.5
2026-03-13 23:02:39.138,0.5
2026-03-14 00:02:32.399,0.5
2026-03-14 01:03:48.223,0.5
2026-03-14 02:03:37.676,0.5
2026-03-14 03:03:13.830,0.5
2026-03-14 04:03:56.008,0.5
2026-03-14 05:01:13.455,0.5
2026-03-14 06:03:58.928,0.5
2026-03-14 07:03:40.580,0.5
2026-03-14 08:00:00.219,0.5
2026-03-14 09:00:04.644,0.5
2026-03-14 10:01:26.690,0.5
2026-03-14 11:01:26.994,0.5
2026-03-14 12:02:37.740,0.5
2026-03-14 13:01:12.385,0.5
2026-03-14 14:02:54.252,0.5
2026-03-14 15:01:21.255,0.5
2026-03-14 16:00:31.336,0.5
2026-03-14 17:03:26.670,0.5
2026-03-14 18:02:06.381,0.5
2026-03-14 19:02:49.653,0.5
2026-03-14 20:02:54.380,0.5
2026-03-14 21:03:27.947,0.5
2026-03-14 22:03:39.535,0.5
2026-03-14 23:05:44.922,0.5
2026-03-15 00:14:10.241,0.5
2026-03-15 01:12:46.958,0.5
2026-03-15 02:13:31.780,0.5
2026-03-15 03:12:28.975,0.5
2026-03-15 04:13:37.871,0.5
2026-03-15 05:09:49.950,0.5
2026-03-15 06:12:29.242,0.5
2026-03-15 07:13:12.328,0.5
2026-03-15 08:02:53.033,0.5
2026-03-15 09:02:38.693,0.5
2026-03-15 10:02:22.592,0.5
2026-03-15 11:02:41.643,0.5
2026-03-15 12:02:38.156,0.5
2026-03-15 13:01:44.641,0.5
2026-03-15 14:01:58.709,0.5
2026-03-15 15:02:13.807,0.5
2026-03-15 16:03:18.263,0.5
2026-03-15 17:01:58.759,0.5
2026-03-15 18:01:51.582,0.5
2026-03-15 19:02:28.752,0.5
2026-03-15 20:02:19.490,0.5
2026-03-15 21:02:44.405,0.5
2026-03-15 22:02:46.187,0.5
2026-03-15 23:03:05.079,0.5
2026-03-16 00:02:28.677,0.5
2026-03-16 01:02:22.427,0.5
2026-03-16 02:02:03.735,0.5
2026-03-16 03:03:49.819,0.5
2026-03-16 04:04:28.023,0.5
2026-03-16 05:04:09.969,0.5
2026-03-16 06:04:15.556,0.5
2026-03-16 07:04:22.681,0.5
2026-03-16 08:03:42.615,0.5
2026-03-16 09:01:57.260,0.5
2026-03-16 10:01:40.506,0.5
2026-03-16 11:01:52.212,0.5
2026-03-16 12:02:50.494,0.5
2026-03-16 13:02:43.668,0.5
2026-03-16 14:02:43.428,0.5
2026-03-16 15:02:37.480,0.5
2026-03-16 16:02:37.182,0.5
2026-03-16 17:00:55.458,0.5
2026-03-16 18:03:31.185,0.5
2026-03-16 19:02:21.907,0.5
2026-03-16 20:02:43.847,0.5
2026-03-16 21:03:34.146,0.5
2026-03-16 22:03:26.375,0.5
2026-03-16 23:00:07.163,0.5
2026-03-17 00:00:04.177,0.5
2026-03-17 01:00:13.822,0.5
2026-03-17 02:02:59.202,0.5
2026-03-17 03:04:19.293,0.5
2026-03-17 04:03:11.752,0.5
2026-03-17 05:02:13.479,0.5
2026-03-17 06:02:55.811,0.5
2026-03-17 07:03:28.383,0.5
2026-03-17 08:02:50.801,0.5
2026-03-17 09:03:18.185,0.5
2026-03-17 10:03:15.506,0.5
2026-03-17 11:02:56.567,0.5
2026-03-17 12:03:52.624,0.5
2026-03-17 13:02:15.857,0.5
2026-03-17 14:02:10.653,0.5
2026-03-17 15:02:17.500,0.5
2026-03-17 16:03:43.688,0.5
2026-03-17 17:03:42.307,0.5
2026-03-17 18:03:33.331,0.5
2026-03-17 19:02:29.298,0.5
2026-03-17 20:02:45.204,0.5
2026-03-17 21:04:01.330,0.5
2026-03-17 22:02:34.207,0.5
2026-03-17 23:02:31.068,0.5
2026-03-18 00:04:06.606,0.5
2026-03-18 01:03:07.626,0.5
2026-03-18 02:02:44.108,0.5
2026-03-18 03:03:05.376,0.5
2026-03-18 04:02:24.923,0.5
2026-03-18 05:02:58.306,0.5
2026-03-18 06:02:08.758,0.5
2026-03-18 07:01:04.378,0.5
2026-03-18 08:01:06.634,0.5
2026-03-18 09:01:00.014,0.5
2026-03-18 10:02:56.231,0.5
2026-03-18 11:02:17.114,0.5
2026-03-18 12:02:32.940,0.5
2026-03-18 13:02:28.677,0.5
2026-03-18 14:03:07.141,0.5
2026-03-18 15:02:46.851,0.5
2026-03-18 16:00:08.019,0.5
2026-03-18 17:02:28.846,0.5
2026-03-18 18:02:03.444,0.5
2026-03-18 19:03:17.071,0.5
2026-03-18 20:01:30.028,0.5
2026-03-18 21:01:27.621,0.5
2026-03-18 22:03:48.541,0.5
2026-03-18 23:03:23.605,0.5
2026-03-19 00:02:50.516,0.5
2026-03-19 01:04:26.132,0.5
2026-03-19 02:03:19.214,0.5
2026-03-19 03:03:46.878,0.5
2026-03-19 04:03:08.333,0.5
2026-03-19 05:03:18.621,0.5
2026-03-19 06:02:31.913,0.5
2026-03-19 07:02:58.754,0.5
2026-03-19 08:02:59.112,0.5
2026-03-19 09:02:50.713,0.5
2026-03-19 10:02:53.111,0.5
2026-03-19 11:03:04.311,0.5
2026-03-19 12:03:50.654,0.5
2026-03-19 13:02:42.031,0.5
2026-03-19 14:00:36.839,0.5
2026-03-19 15:02:27.442,0.5
2026-03-19 16:02:45.188,0.5
2026-03-19 17:02:45.026,0.5
2026-03-19 18:03:20.073,0.5
2026-03-19 19:02:00.480,0.5
2026-03-19 20:01:53.442,0.5
2026-03-19 21:01:15.337,0.5
2026-03-19 22:02:52.102,0.5
2026-03-19 23:02:43.536,0.5
2026-03-20 00:02:25.931,0.5
2026-03-20 01:02:30.897,0.5
2026-03-20 02:02:25.455,0.5
2026-03-20 03:01:43.255,0.5
2026-03-20 04:01:44.148,0.5
2026-03-20 05:01:42.984,0.5
2026-03-20 06:01:55.998,0.5
2026-03-20 07:03:17.625,0.5
2026-03-20 08:03:44.632,0.5
2026-03-20 09:03:43.949,0.5
2026-03-20 10:04:01.471,0.5
2026-03-20 11:03:42.267,0.5
2026-03-20 12:00:25.435,0.5
2026-03-20 13:01:54.688,0.5
2026-03-20 14:02:03.210,0.5
2026-03-20 15:01:56.579,0.5
2026-03-20 16:04:05.980,0.5
2026-03-20 17:03:42.694,0.5
2026-03-20 18:02:41.211,0.5
2026-03-20 19:02:44.541,0.5
2026-03-20 20:02:14.129,0.5
2026-03-20 21:01:03.169,0.5
2026-03-20 22:00:49.247,0.5
2026-03-20 23:00:58.990,0.5
2026-03-21 00:01:10.393,0.5
2026-03-21 01:01:09.031,0.5
2026-03-21 02:01:10.945,0.5
2026-03-21 03:02:34.335,0.5
2026-03-21 04:02:29.143,0.5
2026-03-21 05:02:54.939,0.5
2026-03-21 06:08:02.780,0.5
2026-03-21 07:04:55.915,0.5
2026-03-21 08:05:14.869,0.5
2026-03-21 09:04:35.765,0.5
2026-03-21 10:02:51.813,0.5
2026-03-21 11:03:05.996,0.5
2026-03-21 12:03:04.218,0.5
2026-03-21 13:05:31.712,0.5
2026-03-21 14:04:58.362,0.5
2026-03-21 15:05:56.854,0.5
2026-03-21 16:06:57.214,0.5
2026-03-21 17:03:00.808,0.5
2026-03-21 18:02:41.041,0.5
2026-03-21 19:03:35.217,0.5
2026-03-21 20:03:21.989,0.5
2026-03-21 21:03:33.758,0.5
2026-03-21 22:03:37.628,0.5
2026-03-21 23:04:36.338,0.5
2026-03-22 00:05:45.490,0.5
2026-03-22 01:07:37.409,0.5
2026-03-22 02:05:59.653,0.5
2026-03-22 03:05:23.477,0.5
2026-03-22 04:05:40.532,0.5
2026-03-22 05:05:21.671,0.5
2026-03-22 06:07:21.643,0.5
2026-03-22 07:05:22.085,0.5
2026-03-22 08:05:42.112,0.5
2026-03-22 09:06:00.096,0.5
2026-03-22 10:05:09.125,0.5
2026-03-22 11:05:56.315,0.5
2026-03-22 12:07:13.520,0.5
2026-03-22 13:02:57.632,0.5
2026-03-22 14:03:03.177,0.5
2026-03-22 15:02:59.224,0.5
2026-03-22 16:02:53.265,0.5
2026-03-22 17:03:19.613,0.5
2026-03-22 18:03:52.812,0.5
2026-03-22 19:02:19.007,0.5
2026-03-22 20:03:47.242,0.5
2026-03-22 21:02:48.239,0.5
2026-03-22 22:02:52.606,0.5
2026-03-22 23:02:26.723,0.5
2026-03-23 00:02:53.636,0.5
2026-03-23 01:02:34.383,0.5
2026-03-23 02:03:15.882,0.5
2026-03-23 03:02:48.613,0.5
2026-03-23 04:02:46.213,0.5
2026-03-23 05:02:45.051,0.5
2026-03-23 06:02:47.870,0.5
2026-03-23 07:03:34.462,0.5
2026-03-23 08:03:33.105,0.5
2026-03-23 09:03:27.422,0.5
2026-03-23 10:03:26.447,0.5
2026-03-23 11:03:22.462,0.5
2026-03-23 12:03:37.869,0.5
2026-03-23 13:03:33.025,0.5
2026-03-23 14:03:33.035,0.5
2026-03-23 15:03:34.009,0.5
2026-03-23 16:03:32.451,0.5
2026-03-23 17:04:36.113,0.5
2026-03-23 18:03:18.858,0.5
2026-03-23 19:04:32.039,0.5
2026-03-23 20:04:30.330,0.5
2026-03-23 21:03:40.407,0.5
2026-03-23 22:01:33.354,0.5
2026-03-23 23:00:57.879,0.5
2026-03-24 00:04:16.976,0.5
2026-03-24 01:04:24.339,0.5
2026-03-24 02:04:16.630,0.5
2026-03-24 03:04:06.770,0.5
2026-03-24 04:04:03.479,0.5
2026-03-24 05:03:56.838,0.5
2026-03-24 06:02:10.631,0.5
2026-03-24 07:01:52.424,0.5
2026-03-24 08:01:55.746,0.5
2026-03-24 09:01:54.463,0.5
2026-03-24 10:02:06.871,0.5
2026-03-24 11:02:00.694,0.5
2026-03-24 12:02:34.929,0.5
2026-03-24 13:02:20.178,0.5
2026-03-24 14:00:01.746,0.5
2026-03-24 15:00:00.210,0.5
2026-03-24 16:01:43.711,0.5
2026-03-24 17:02:14.650,0.5
2026-03-24 18:01:27.884,0.5
2026-03-24 19:01:33.319,0.5
2026-03-24 20:00:52.186,0.5
2026-03-24 21:02:28.187,0.5
2026-03-24 22:01:59.187,0.5
2026-03-24 23:01:19.785,0.5
2026-03-25 00:01:59.827,0.5
2026-03-25 01:02:08.036,0.5
2026-03-25 02:02:19.730,0.5
2026-03-25 03:02:07.057,0.5
2026-03-25 04:02:10.692,0.5
2026-03-25 05:00:28.423,0.5
2026-03-25 06:01:33.233,0.5
2026-03-25 07:01:17.031,0.5
2026-03-25 08:01:18.518,0.5
2026-03-25 09:01:27.682,0.5
2026-03-25 10:01:20.664,0.5
2026-03-25 11:01:35.918,0.5
2026-03-25 12:01:28.725,0.5
2026-03-25 13:02:14.135,0.5
2026-03-25 14:02:35.318,0.5
2026-03-25 15:02:59.479,0.5
2026-03-25 16:03:58.854,0.5
2026-03-25 17:03:53.214,0.5
2026-03-25 18:03:30.102,0.5
2026-03-25 19:03:35.932,0.5
2026-03-25 20:03:22.411,0.5
2026-03-25 21:04:32.124,0.5
2026-03-25 22:03:28.488,0.5
2026-03-25 23:03:44.993,0.5
2026-03-26 00:04:31.555,0.5
2026-03-26 01:03:43.309,0.5
2026-03-26 02:03:15.945,0.5
2026-03-26 03:04:44.454,0.5
2026-03-26 04:04:43.332,0.5
2026-03-26 05:04:35.829,0.5
2026-03-26 06:04:27.259,0.5
2026-03-26 07:04:27.498,0.5
2026-03-26 08:02:45.893,0.5
2026-03-26 09:03:19.865,0.5
2026-03-26 10:04:05.458,0.5
2026-03-26 11:03:02.995,0.5
2026-03-26 12:03:35.301,0.5
2026-03-26 13:02:44.434,0.5
2026-03-26 14:02:32.499,0.5
2026-03-26 15:01:19.759,0.5
2026-03-26 16:01:33.557,0.5
2026-03-26 17:03:01.847,0.5
2026-03-26 18:03:09.490,0.5
2026-03-26 19:03:57.422,0.5
2026-03-26 20:03:37.934,0.5
2026-03-26 21:03:40.043,0.5
2026-03-26 22:02:48.806,0.5
2026-03-26 23:03:01.568,0.5
2026-03-27 00:02:58.891,0.5
2026-03-27 01:02:41.434,0.5
2026-03-27 02:03:01.664,0.5
2026-03-27 03:04:03.201,0.5
2026-03-27 04:02:38.688,0.5
2026-03-27 05:02:28.840,0.5
2026-03-27 06:02:34.259,0.5
2026-03-27 07:02:37.183,0.5
2026-03-27 08:02:28.546,0.5
2026-03-27 09:02:38.255,0.5
2026-03-27 10:02:33.725,0.5
2026-03-27 11:02:36.743,0.5
2026-03-27 12:02:53.648,0.5
2026-03-27 13:02:35.928,0.5
2026-03-27 14:02:45.010,0.5
2026-03-27 15:02:35.631,0.5
2026-03-27 16:02:38.375,0.5
2026-03-27 17:02:42.498,0.5
2026-03-27 18:02:56.119,0.5
2026-03-27 19:02:25.698,0.5
2026-03-27 20:02:42.368,0.5
2026-03-27 21:02:35.293,0.5
2026-03-27 22:02:45.942,0.5
2026-03-27 23:02:52.708,0.5
2026-03-28 00:02:57.999,0.5
2026-03-28 01:02:52.888,0.5
2026-03-28 02:02:34.949,0.5
2026-03-28 03:02:48.121,0.5
2026-03-28 04:02:40.605,0.5
2026-03-28 05:02:42.545,0.5
2026-03-28 06:02:51.070,0.5
2026-03-28 07:02:42.014,0.5
2026-03-28 08:02:52.311,0.5
2026-03-28 09:02:45.038,0.5
2026-03-28 10:03:04.211,0.5
2026-03-28 11:02:35.648,0.5
2026-03-28 12:02:31.140,0.5
2026-03-28 13:02:40.434,0.5
2026-03-28 14:02:43.950,0.5
2026-03-28 15:02:49.856,0.5
2026-03-28 16:02:47.253,0.5
2026-03-28 17:02:47.283,0.5
2026-03-28 18:01:43.107,0.5
2026-03-28 19:02:00.993,0.5
2026-03-28 20:02:10.857,0.5
2026-03-28 21:02:18.702,0.5
2026-03-28 22:02:12.024,0.5
2026-03-28 23:02:19.975,0.5
2026-03-29 00:02:32.865,0.5
2026-03-29 01:01:49.485,0.5
2026-03-29 02:03:01.120,0.5
2026-03-29 03:04:04.113,0.5
2026-03-29 04:03:06.140,0.5
2026-03-29 05:04:12.162,0.5
2026-03-29 06:02:59.312,0.5
2026-03-29 07:02:54.909,0.5
2026-03-29 08:03:38.555,0.5
2026-03-29 09:01:23.665,0.5
2026-03-29 10:01:31.784,0.5
2026-03-29 11:01:28.082,0.5
2026-03-29 12:03:07.707,0.5
2026-03-29 13:01:23.457,0.5
2026-03-29 14:01:29.982,0.5
2026-03-29 15:00:39.918,0.5
2026-03-29 16:00:55.197,0.5
2026-03-29 17:00:15.258,0.5
2026-03-29 18:00:09.856,0.5
2026-03-29 19:02:27.762,0.5
2026-03-29 20:03:17.027,0.5
2026-03-29 21:03:13.146,0.5
2026-03-29 22:02:19.559,0.5
2026-03-29 23:02:26.677,0.5
2026-03-30 00:02:11.219,0.5
2026-03-30 01:03:18.576,0.5
2026-03-30 02:03:41.728,0.5
2026-03-30 03:02:37.505,0.5
2026-03-30 04:02:42.867,0.5
2026-03-30 05:02:23.537,0.5
2026-03-30 06:03:11.463,0.5
2026-03-30 07:02:33.693,0.5
2026-03-30 08:02:30.088,0.5
2026-03-30 09:03:13.448,0.5
2026-03-30 10:01:58.644,0.5
2026-03-30 11:00:26.456,0.5
2026-03-30 12:00:38.843,0.5
2026-03-30 13:00:36.142,0.5
2026-03-30 14:02:54.142,0.5
2026-03-30 15:01:24.867,0.5
2026-03-30 16:02:55.758,0.5
2026-03-30 17:02:41.536,0.5
2026-03-30 18:02:34.985,0.5
2026-03-30 19:03:07.003,0.5
2026-03-30 20:02:23.221,0.5
2026-03-30 21:02:51.519,0.5
2026-03-30 22:02:06.330,0.5
2026-03-30 23:01:13.402,0.5
2026-03-31 00:02:45.587,0.5
2026-03-31 01:03:40.704,0.5
2026-03-31 02:03:47.026,0.5
2026-03-31 03:03:05.352,0.5
2026-03-31 04:01:51.725,0.5
2026-03-31 05:01:59.103,0.5
2026-03-31 06:02:17.342,0.5
2026-03-31 07:01:54.672,0.5
2026-03-31 08:02:13.196,0.5
2026-03-31 09:02:34.699,0.5
2026-03-31 10:02:43.420,0.5
2026-03-31 11:02:18.738,0.5
2026-03-31 12:02:38.333,0.5
2026-03-31 13:02:05.831,0.5
2026-03-31 14:02:33.694,0.5
2026-03-31 15:03:00.933,0.5
2026-03-31 16:02:21.181,0.5
2026-03-31 17:03:00.633,0.5
2026-03-31 18:03:18.754,0.5
2026-03-31 19:02:55.788,0.5
2026-03-31 20:02:53.576,0.5
2026-03-31 21:02:34.420,0.5
2026-03-31 22:02:21.047,0.5
2026-03-31 23:03:04.617,0.5
2026-04-01 00:03:03.820,0.5
2026-04-01 01:03:22.749,0.5
2026-04-01 02:03:08.371,0.5
2026-04-01 03:02:25.298,0.5
2026-04-01 04:03:12.250,0.5
2026-04-01 05:03:26.503,0.5
2026-04-01 06:02:38.018,0.5
2026-04-01 07:03:32.815,0.5
2026-04-01 08:01:26.048,0.5
2026-04-01 09:02:05.674,0.5
2026-04-01 10:01:19.403,0.5
2026-04-01 11:00:11.272,0.5
2026-04-01 12:02:09.873,0.5
2026-04-01 13:02:09.892,0.5
2026-04-01 14:02:16.234,0.5
2026-04-01 15:02:43.489,0.5
2026-04-01 16:02:19.803,0.5
2026-04-01 17:03:08.025,0.5
2026-04-01 18:03:19.847,0.5
2026-04-01 19:03:40.180,0.5
2026-04-01 20:03:02.662,0.5
2026-04-01 21:03:30.836,0.5
2026-04-01 22:02:59.395,0.5
2026-04-01 23:02:18.469,0.5
2026-04-02 00:02:26.736,0.5
2026-04-02 01:01:56.868,0.5
2026-04-02 02:00:53.455,0.5
2026-04-02 03:02:17.341,0.5
2026-04-02 04:03:33.650,0.5
2026-04-02 05:02:04.147,0.5
2026-04-02 06:03:22.119,0.5
2026-04-02 07:03:10.579,0.5
2026-04-02 08:03:22.517,0.5
2026-04-02 09:02:37.597,0.5
2026-04-02 10:00:20.472,0.5
2026-04-02 11:03:49.054,0.5
2026-04-02 12:02:10.011,0.5
2026-04-02 13:03:07.672,0.5
2026-04-02 14:03:25.571,0.5
2026-04-02 15:03:01.116,0.5
2026-04-02 16:03:43.719,0.5
2026-04-02 17:02:40.031,0.5
2026-04-02 18:03:06.013,0.5
2026-04-02 19:01:19.506,0.5
2026-04-02 20:01:26.085,0.5
2026-04-02 21:01:46.778,0.5
2026-04-02 22:03:53.442,0.5
2026-04-02 23:03:29.954,0.5
2026-04-03 00:03:06.895,0.5
2026-04-03 01:00:09.403,0.5
2026-04-03 02:00:11.451,0.5
2026-04-03 03:03:52.374,0.5
2026-04-03 04:03:06.236,0.5
2026-04-03 05:02:07.998,0.5
2026-04-03 06:02:39.261,0.5
2026-04-03 07:02:21.976,0.5
2026-04-03 08:02:46.515,0.5
2026-04-03 09:02:14.923,0.5
2026-04-03 10:02:54.626,0.5
2026-04-03 11:02:38.002,0.5
2026-04-03 12:01:58.271,0.5
2026-04-03 13:01:53.515,0.5
2026-04-03 14:01:35.030,0.5
2026-04-03 15:01:40.593,0.5
2026-04-03 16:01:55.523,0.5
2026-04-03 17:03:20.691,0.5
2026-04-03 18:01:20.170,0.5
2026-04-03 19:03:02.452,0.5
2026-04-03 20:02:30.113,0.5
2026-04-03 21:04:17.989,0.5
2026-04-03 22:04:20.965,0.5
2026-04-03 23:04:11.913,0.5
2026-04-04 00:04:33.038,0.5
2026-04-04 01:04:30.085,0.5
2026-04-04 02:09:38.819,0.5
2026-04-04 03:28:04.560,0.5
2026-04-04 04:26:26.768,0.5
2026-04-04 05:24:23.247,0.5
2026-04-04 06:29:36.108,0.5
2026-04-04 07:36:15.152,0.5
2026-04-04 08:45:45.840,0.5
2026-04-04 09:49:43.511,0.5
2026-04-04 10:50:31.826,0.5
2026-04-04 11:03:01.990,0.5
2026-04-04 12:03:28.747,0.5
2026-04-04 13:03:01.122,0.5
2026-04-04 14:02:39.903,0.5
2026-04-04 15:00:45.526,0.5
2026-04-04 16:03:14.832,0.5
2026-04-04 17:02:26.906,0.5
2026-04-04 18:02:33.179,0.5
2026-04-04 19:02:05.708,0.5
2026-04-04 20:01:53.742,0.5
2026-04-04 21:02:37.487,0.5
2026-04-04 22:02:18.112,0.5
2026-04-04 23:02:12.750,0.5
2026-04-05 00:01:41.823,0.5
2026-04-05 01:00:15.453,0.5
2026-04-05 02:02:07.995,0.5
2026-04-05 03:02:59.739,0.5
2026-04-05 04:02:33.591,0.5
2026-04-05 05:00:38.721,0.5
2026-04-05 06:00:42.726,0.5
2026-04-05 07:00:37.164,0.5
2026-04-05 08:03:18.565,0.5
2026-04-05 09:04:11.962,0.5
2026-04-05 10:03:22.621,0.5
2026-04-05 11:03:00.722,0.5
2026-04-05 12:03:58.431,0.5
2026-04-05 13:04:13.013,0.5
2026-04-05 14:03:58.885,0.5
2026-04-05 15:04:13.511,0.5
2026-04-05 16:04:26.972,0.5
2026-04-05 17:04:20.720,0.5
2026-04-05 18:03:46.657,0.5
2026-04-05 19:02:51.249,0.5
2026-04-05 20:02:56.301,0.5
2026-04-05 21:01:57.341,0.5
2026-04-05 22:01:44.585,0.5
2026-04-05 23:01:49.934,0.5
2026-04-06 00:03:32.278,0.5
2026-04-06 01:03:41.500,0.5
2026-04-06 02:02:15.405,0.5
2026-04-06 03:08:16.237,0.5
2026-04-06 04:02:49.454,0.5
2026-04-06 05:02:08.862,0.5
2026-04-06 06:02:01.011,0.5
2026-04-06 07:00:41.995,0.5
2026-04-06 08:03:28.368,0.5
2026-04-06 09:03:11.964,0.5
2026-04-06 10:03:20.194,0.5
2026-04-06 11:03:50.677,0.5
2026-04-06 12:04:19.506,0.5
2026-04-06 13:02:36.709,0.5
2026-04-06 14:03:53.645,0.5
2026-04-06 15:04:29.587,0.5
2026-04-06 16:04:24.429,0.5
2026-04-06 17:04:10.029,0.5
2026-04-06 18:04:26.878,0.5
2026-04-06 19:04:27.441,0.5
2026-04-06 20:03:06.839,0.5
2026-04-06 21:04:04.924,0.5
2026-04-06 22:04:16.968,0.5
2026-04-06 23:02:35.342,0.5
2026-04-07 00:03:34.603,0.5
2026-04-07 01:03:26.595,0.5
2026-04-07 02:03:25.893,0.5
2026-04-07 03:03:21.043,0.5
2026-04-07 04:02:01.467,0.5
2026-04-07 05:02:10.788,0.5
2026-04-07 06:02:29.812,0.5
2026-04-07 07:01:38.260,0.5
2026-04-07 08:01:03.150,0.5
2026-04-07 09:03:29.488,0.5
2026-04-07 10:03:41.934,0.5
2026-04-07 11:03:20.204,0.5
2026-04-07 12:04:06.177,0.5
2026-04-07 13:04:07.764,0.5
2026-04-07 14:04:29.730,0.5
2026-04-07 15:04:04.482,0.5
2026-04-07 16:04:36.104,0.5
2026-04-07 17:04:18.479,0.5
2026-04-07 18:04:28.320,0.5
2026-04-07 19:04:15.658,0.5
2026-04-07 20:04:13.581,0.5
2026-04-07 21:04:24.530,0.5
2026-04-07 22:04:25.138,0.5
2026-04-07 23:04:17.111,0.5
2026-04-08 00:03:54.497,0.5
2026-04-08 01:03:24.503,0.5
2026-04-08 02:03:34.562,0.5
2026-04-08 03:04:35.813,0.5
2026-04-08 04:04:16.191,0.5
2026-04-08 05:03:53.528,0.5
2026-04-08 06:03:45.504,0.5
2026-04-08 07:03:36.934,0.5
2026-04-08 08:03:07.445,0.5
2026-04-08 09:03:03.975,0.5
2026-04-08 10:03:10.428,0.5
2026-04-08 11:03:05.062,0.5
2026-04-08 12:03:02.812,0.5
2026-04-08 13:03:05.741,0.5
2026-04-08 14:03:05.617,0.5
2026-04-08 15:03:05.664,0.5
2026-04-08 16:03:06.548,0.5
2026-04-08 17:03:04.040,0.5
2026-04-08 18:03:04.687,0.5
2026-04-08 19:03:01.989,0.5
2026-04-08 20:03:06.686,0.5
2026-04-08 21:03:07.264,0.5
2026-04-08 22:03:06.675,0.5
2026-04-08 23:03:12.787,0.5
2026-04-09 00:03:15.154,0.5
2026-04-09 01:03:10.116,0.5
2026-04-09 02:01:33.542,0.5
2026-04-09 03:02:02.274,0.5
2026-04-09 04:03:16.476,0.5
2026-04-09 05:04:21.184,0.5
2026-04-09 06:04:06.303,0.5
2026-04-09 07:02:38.696,0.5
2026-04-09 08:02:32.915,0.5
2026-04-09 09:02:36.752,0.5
2026-04-09 10:02:36.816,0.5
2026-04-09 11:02:37.081,0.5
2026-04-09 12:00:46.151,0.5
2026-04-09 13:01:02.945,0.5
2026-04-09 14:01:06.312,0.5
2026-04-09 15:02:52.274,0.5
2026-04-09 16:02:49.359,0.5
2026-04-09 17:02:48.160,0.5
2026-04-09 18:02:49.544,0.5
2026-04-09 19:02:45.298,0.5
2026-04-09 20:02:42.443,0.5
2026-04-09 21:02:44.840,0.5
2026-04-09 22:02:43.962,0.5
2026-04-09 23:02:30.799,0.5
2026-04-10 00:02:16.498,0.5
2026-04-10 01:03:33.003,0.5
2026-04-10 02:03:30.062,0.5
2026-04-10 03:03:27.350,0.5
2026-04-10 04:00:36.636,0.5
2026-04-10 05:00:51.831,0.5
2026-04-10 06:03:49.020,0.5
2026-04-10 07:04:37.461,0.5
2026-04-10 08:04:43.144,0.5
2026-04-10 09:02:58.441,0.5
2026-04-10 10:02:23.588,0.5
2026-04-10 11:02:03.829,0.5
2026-04-10 12:02:45.510,0.5
2026-04-10 13:02:42.969,0.5
2026-04-10 14:02:44.433,0.5
2026-04-10 15:02:46.003,0.5
2026-04-10 16:02:30.531,0.5
2026-04-10 17:02:15.345,0.5
2026-04-10 18:01:42.668,0.5
2026-04-10 19:02:42.049,0.5
2026-04-10 20:02:45.450,0.5
2026-04-10 21:07:18.522,0.5
2026-04-10 22:51:45.592,0.5
2026-04-10 23:58:56.442,0.5
2026-04-11 00:55:25.334,0.5
2026-04-11 01:07:37.470,0.5
2026-04-11 02:01:45.070,0.5
2026-04-11 03:13:16.911,0.5
2026-04-11 04:31:51.406,0.5
2026-04-11 05:48:49.774,0.5
2026-04-11 06:55:28.972,0.5
2026-04-11 07:00:43.087,0.5
2026-04-11 08:11:01.710,0.5
2026-04-11 09:34:34.388,0.5
2026-04-11 10:55:12.162,0.5
2026-04-11 11:00:10.448,0.5
2026-04-11 12:08:37.091,0.5
2026-04-11 13:02:41.971,0.5
2026-04-11 13:58:10.155,0.5
2026-04-11 14:55:48.540,0.5
2026-04-11 15:12:07.771,0.5
2026-04-11 16:26:28.721,0.5
2026-04-11 17:55:46.596,0.5
2026-04-11 18:17:41.735,0.5
2026-04-11 19:34:06.951,0.5
2026-04-11 20:43:56.646,0.5
2026-04-11 21:55:25.128,0.5
2026-04-11 22:01:46.811,0.5
2026-04-11 23:16:10.994,0.5
2026-04-12 00:29:41.785,0.5
2026-04-12 01:34:56.923,0.5
2026-04-12 01:45:31.287,0.5
2026-04-12 01:51:06.399,0.5
2026-04-12 01:51:47.291,0.5
2026-04-12 01:52:41.481,0.5
2026-04-12 01:53:35.040,0.5
2026-04-12 02:00:27.573,0.5
2026-04-12 03:00:21.564,0.5
2026-04-12 04:00:25.535,0.5
2026-04-12 05:00:24.049,0.5
2026-04-12 06:00:58.492,0.5
2026-04-12 07:01:16.600,0.5
2026-04-12 08:01:17.035,0.5
2026-04-12 09:01:17.544,0.5
2026-04-12 10:01:19.823,0.5
2026-04-12 11:01:17.939,0.5
2026-04-12 12:01:18.873,0.5
2026-04-12 13:01:13.930,0.5
2026-04-12 14:01:14.619,0.5
2026-04-12 15:01:00.126,0.5
2026-04-12 16:01:12.103,0.5
2026-04-12 17:01:13.939,0.5
2026-04-12 18:01:13.702,0.5
2026-04-12 19:00:53.414,0.5
2026-04-12 20:01:20.842,0.5
2026-04-12 21:01:03.131,0.5
2026-04-12 22:00:11.519,0.5
2026-04-12 23:00:45.551,0.5
2026-04-13 00:00:44.960,0.5
2026-04-13 01:01:11.129,0.5
2026-04-13 02:01:11.809,0.5
2026-04-13 03:01:10.151,0.5
2026-04-13 04:01:09.215,0.5
2026-04-13 05:01:05.233,0.5
2026-04-13 06:01:13.925,0.5
2026-04-13 07:00:22.046,0.5
2026-04-13 08:00:21.044,0.5
2026-04-13 09:01:13.375,0.5
2026-04-13 10:01:11.591,0.5
2026-04-13 11:01:08.479,0.5
2026-04-13 12:01:14.325,0.5
2026-04-13 13:00:59.842,0.5
2026-04-13 14:00:14.283,0.5
2026-04-13 15:00:14.360,0.5
2026-04-13 16:00:20.698,0.5
2026-04-13 17:00:15.705,0.5
2026-04-13 18:00:30.813,0.5
2026-04-13 19:00:16.339,0.5
2026-04-13 20:00:18.323,0.5
2026-04-13 21:00:21.082,0.5
2026-04-13 22:00:08.943,0.5
2026-04-13 23:00:54.854,0.5
2026-04-14 00:00:42.803,0.5
2026-04-14 01:00:52.803,0.5
2026-04-14 02:00:38.904,0.5
2026-04-14 03:00:41.097,0.5
2026-04-14 04:00:17.621,0.5
2026-04-14 05:00:50.800,0.5
2026-04-14 06:00:51.681,0.5
2026-04-14 07:00:32.835,0.5
2026-04-14 08:01:16.975,0.5
2026-04-14 09:01:02.440,0.5
2026-04-14 10:00:38.875,0.5
2026-04-14 11:01:02.804,0.5
2026-04-14 12:01:02.692,0.5
2026-04-14 13:01:03.244,0.5
2026-04-14 14:01:03.013,0.5
2026-04-14 15:00:20.786,0.5
2026-04-14 16:00:24.034,0.5
2026-04-14 17:00:50.416,0.5
2026-04-14 18:01:08.143,0.5
2026-04-14 19:00:04.439,0.5
2026-04-14 20:01:10.772,0.5
2026-04-14 21:01:18.646,0.5
2026-04-14 22:01:07.110,0.5
2026-04-14 23:00:06.592,0.5
2026-04-15 00:01:23.415,0.5
2026-04-15 01:01:19.400,0.5
2026-04-15 02:01:14.373,0.5
2026-04-15 03:01:14.065,0.5
2026-04-15 04:00:18.136,0.5
2026-04-15 05:00:32.723,0.5
2026-04-15 06:00:20.149,0.5
2026-04-15 07:00:42.366,0.5
2026-04-15 08:01:22.521,0.5
2026-04-15 09:00:24.277,0.5
2026-04-15 10:00:24.076,0.5
2026-04-15 11:00:22.174,0.5
2026-04-15 12:00:11.831,0.5
2026-04-15 13:00:12.631,0.5
2026-04-15 14:00:24.151,0.5
2026-04-15 15:00:04.447,0.5
2026-04-15 16:01:09.218,0.5
2026-04-15 17:00:15.062,0.5
2026-04-15 18:01:16.099,0.5
2026-04-15 19:00:57.510,0.5
2026-04-15 20:00:34.579,0.5
2026-04-15 21:00:34.787,0.5
2026-04-15 22:00:35.596,0.5
2026-04-15 23:01:07.879,0.5
2026-04-16 00:00:43.686,0.5
2026-04-16 01:00:45.044,0.5
2026-04-16 02:00:46.641,0.5
2026-04-16 03:00:18.748,0.5
2026-04-16 04:00:47.903,0.5
2026-04-16 05:00:45.377,0.5
2026-04-16 06:01:31.126,0.5
2026-04-16 07:00:11.937,0.5
2026-04-16 08:00:42.304,0.5
2026-04-16 09:00:30.023,0.5
2026-04-16 10:01:15.638,0.5
2026-04-16 11:01:17.424,0.5
2026-04-16 12:01:18.440,0.5
2026-04-16 13:01:15.769,0.5
2026-04-16 14:00:32.141,0.5
2026-04-16 15:00:42.419,0.5
2026-04-16 16:01:15.477,0.5
2026-04-16 17:01:13.407,0.5
2026-04-16 18:01:14.061,0.5
2026-04-16 19:00:31.526,0.5
2026-04-16 20:00:32.496,0.5
2026-04-16 21:00:05.875,0.5
2026-04-16 22:00:09.424,0.5
2026-04-16 23:00:08.705,0.5
2026-04-17 00:01:24.052,0.5
2026-04-17 01:00:49.261,0.5
2026-04-17 02:00:44.651,0.5
2026-04-17 03:00:25.224,0.5
2026-04-17 04:00:24.232,0.5
2026-04-17 05:00:25.223,0.5
2026-04-17 06:00:24.090,0.5
2026-04-17 07:00:23.822,0.5
2026-04-17 08:00:23.743,0.5
2026-04-17 09:00:26.408,0.5
2026-04-17 10:00:25.413,0.5
2026-04-17 11:01:03.220,0.5
2026-04-17 12:00:52.007,0.5
2026-04-17 13:00:52.670,0.5
2026-04-17 14:00:57.341,0.5
2026-04-17 15:00:52.499,0.5
2026-04-17 16:00:41.789,0.5
2026-04-17 17:00:40.215,0.5
2026-04-17 18:00:31.659,0.5
2026-04-17 19:00:07.413,0.5
2026-04-17 20:00:25.083,0.5
2026-04-17 21:01:14.697,0.5
2026-04-17 22:01:13.183,0.5
2026-04-17 23:01:14.653,0.5
2026-04-18 00:01:14.965,0.5
2026-04-18 01:01:15.211,0.5
2026-04-18 02:01:14.244,0.5
2026-04-18 03:01:11.720,0.5
2026-04-18 04:01:13.086,0.5
2026-04-18 05:01:12.075,0.5
2026-04-18 06:01:10.142,0.5
2026-04-18 07:01:12.353,0.5
2026-04-18 08:01:10.987,0.5
2026-04-18 09:01:08.122,0.5
2026-04-18 10:01:09.813,0.5
2026-04-18 11:00:23.870,0.5
2026-04-18 12:00:24.470,0.5
2026-04-18 13:00:07.167,0.5
2026-04-18 14:00:35.545,0.5
2026-04-18 15:00:35.590,0.5
2026-04-18 16:00:08.119,0.5
2026-04-18 17:00:05.250,0.5
2026-04-18 18:00:50.872,0.5
2026-04-18 19:00:46.343,0.5
2026-04-18 20:00:44.379,0.5
2026-04-18 21:00:46.900,0.5
2026-04-18 22:00:54.515,0.5
2026-04-18 23:00:55.432,0.5
2026-04-19 00:00:38.740,0.5
2026-04-19 01:00:58.988,0.5
2026-04-19 02:00:53.645,0.5
2026-04-19 03:00:54.235,0.5
2026-04-19 04:00:52.346,0.5
2026-04-19 05:00:35.652,0.5
2026-04-19 06:00:39.813,0.5
2026-04-19 07:00:48.971,0.5
2026-04-19 08:01:16.178,0.5
2026-04-19 09:01:10.618,0.5
2026-04-19 10:00:56.561,0.5
2026-04-19 11:00:11.160,0.5
2026-04-19 12:01:08.139,0.5
2026-04-19 13:01:09.304,0.5
2026-04-19 14:01:08.520,0.5
2026-04-19 15:01:08.590,0.5
2026-04-19 16:01:09.178,0.5
2026-04-19 17:01:14.347,0.5
2026-04-19 18:00:37.217,0.5
2026-04-19 19:00:53.617,0.5
2026-04-19 20:00:51.000,0.5
2026-04-19 21:00:50.238,0.5
2026-04-19 22:00:20.164,0.5
2026-04-19 23:00:49.632,0.5
2026-04-20 00:00:52.377,0.5
2026-04-20 01:00:36.349,0.5
2026-04-20 02:00:19.964,0.5
2026-04-20 03:00:19.973,0.5
2026-04-20 04:00:20.835,0.5
2026-04-20 05:00:51.454,0.5
2026-04-20 06:01:19.127,0.5
2026-04-20 07:01:19.242,0.5
2026-04-20 08:01:19.616,0.5
2026-04-20 09:01:16.780,0.5
2026-04-20 10:01:16.984,0.5
2026-04-20 11:01:22.482,0.5
2026-04-20 12:01:22.265,0.5
2026-04-20 13:01:20.931,0.5
2026-04-20 14:01:17.557,0.5
2026-04-20 15:01:19.857,0.5
2026-04-20 16:01:23.168,0.5
2026-04-20 17:01:22.669,0.5
2026-04-20 18:01:20.127,0.5
2026-04-20 19:01:21.759,0.5
2026-04-20 20:01:21.769,0.5
2026-04-20 21:01:23.307,0.5
2026-04-20 22:01:22.101,0.5
2026-04-20 23:01:21.063,0.5
2026-04-21 00:01:22.822,0.5
2026-04-21 01:01:24.054,0.5
2026-04-21 02:01:21.903,0.5
2026-04-21 03:01:22.092,0.5
2026-04-21 04:01:19.243,0.5
2026-04-21 05:01:18.992,0.5
2026-04-21 06:01:18.556,0.5
2026-04-21 07:01:19.969,0.5
2026-04-21 08:01:19.279,0.5
2026-04-21 09:01:19.672,0.5
2026-04-21 10:01:20.320,0.5
2026-04-21 11:01:20.824,0.5
2026-04-21 12:01:20.166,0.5
2026-04-21 13:01:18.802,0.5
2026-04-21 14:01:19.584,0.5
2026-04-21 15:01:19.405,0.5
2026-04-21 16:01:19.851,0.5
2026-04-21 17:01:19.709,0.5
2026-04-21 18:01:20.070,0.5
2026-04-21 19:01:19.644,0.5
2026-04-21 20:01:19.633,0.5
2026-04-21 21:01:19.430,0.5
2026-04-21 22:01:19.335,0.5
2026-04-21 23:01:19.528,0.5
2026-04-22 00:01:24.480,0.5
2026-04-22 01:01:20.515,0.5
2026-04-22 02:01:20.368,0.5
2026-04-22 03:01:22.246,0.5
2026-04-22 04:01:28.438,0.5
2026-04-22 05:01:19.440,0.5
2026-04-22 06:01:20.800,0.5
2026-04-22 07:01:21.224,0.5
2026-04-22 08:01:23.195,0.5
2026-04-22 09:01:20.203,0.5
2026-04-22 10:01:19.395,0.5
2026-04-22 11:01:21.303,0.5
2026-04-22 12:01:21.947,0.5
2026-04-22 13:01:21.011,0.5
2026-04-22 14:01:19.329,0.5
2026-04-22 15:01:20.471,0.5
2026-04-22 16:01:21.519,0.5
2026-04-22 17:01:22.813,0.5
2026-04-22 18:01:22.356,0.5
2026-04-22 19:01:21.647,0.5
2026-04-22 20:01:23.546,0.5
2026-04-22 21:01:24.196,0.5
2026-04-22 22:00:32.064,0.5
2026-04-22 23:00:45.929,0.5
2026-04-23 00:00:09.102,0.5
2026-04-23 01:00:44.068,0.5
2026-04-23 02:00:42.850,0.5
2026-04-23 03:00:52.853,0.5
2026-04-23 04:00:52.189,0.5
2026-04-23 05:00:38.985,0.5
2026-04-23 06:00:36.216,0.5
2026-04-23 07:00:36.918,0.5
2026-04-23 08:01:07.591,0.5
2026-04-23 09:01:09.098,0.5
2026-04-23 10:01:07.120,0.5
2026-04-23 11:01:07.491,0.5
2026-04-23 12:01:09.689,0.5
2026-04-23 13:01:09.863,0.5
2026-04-23 14:01:07.702,0.5
2026-04-23 15:00:30.124,0.5
2026-04-23 16:00:12.927,0.5
2026-04-23 17:00:23.794,0.5
2026-04-23 18:00:30.278,0.5
2026-04-23 19:00:28.892,0.5
2026-04-23 20:00:07.091,0.5
2026-04-23 21:00:03.759,0.5
2026-04-23 22:00:01.859,0.5
2026-04-23 23:01:00.741,0.5
2026-04-24 00:01:00.938,0.5
2026-04-24 01:01:00.595,0.5
2026-04-24 02:01:00.191,0.5
2026-04-24 03:00:16.943,0.5
2026-04-24 04:00:12.126,0.5
2026-04-24 05:00:13.586,0.5
2026-04-24 06:00:14.453,0.5
2026-04-24 07:00:13.292,0.5
2026-04-24 08:00:06.968,0.5
2026-04-24 09:01:17.791,0.5
2026-04-24 10:01:16.029,0.5
2026-04-24 11:00:21.728,0.5
2026-04-24 12:00:38.859,0.5
2026-04-24 13:00:19.768,0.5
2026-04-24 14:00:29.914,0.5
2026-04-24 15:00:16.023,0.5
2026-04-24 16:00:15.602,0.5
2026-04-24 17:00:16.974,0.5
2026-04-24 18:01:18.328,0.5
2026-04-24 19:00:18.582,0.5
2026-04-24 20:00:30.056,0.5
2026-04-24 21:00:32.812,0.5
2026-04-24 22:00:17.505,0.5
2026-04-24 23:00:52.560,0.5
2026-04-25 00:00:03.184,0.5
2026-04-25 01:00:02.688,0.5
2026-04-25 02:00:33.790,0.5
2026-04-25 03:00:32.272,0.5
2026-04-25 04:00:11.891,0.5
2026-04-25 05:00:12.683,0.5
2026-04-25 06:00:32.616,0.5
2026-04-25 07:00:29.242,0.5
2026-04-25 08:00:31.031,0.5
2026-04-25 09:00:31.892,0.5
2026-04-25 10:00:30.658,0.5
2026-04-25 11:01:13.271,0.5
2026-04-25 12:01:11.825,0.5
2026-04-25 13:01:12.112,0.5
2026-04-25 14:00:02.674,0.5
2026-04-25 15:00:55.464,0.5
2026-04-25 16:00:44.737,0.5
2026-04-25 17:00:52.114,0.5
2026-04-25 18:01:13.944,0.5
2026-04-25 19:01:15.591,0.5
2026-04-25 20:01:13.533,0.5
2026-04-25 21:01:14.632,0.5
2026-04-25 22:01:15.969,0.5
2026-04-25 23:01:08.273,0.5
2026-04-26 00:01:10.013,0.5
2026-04-26 01:01:06.658,0.5
2026-04-26 02:00:29.892,0.5
2026-04-26 03:00:29.963,0.5
2026-04-26 04:00:34.159,0.5
2026-04-26 05:00:51.268,0.5
2026-04-26 06:00:53.031,0.5
2026-04-26 07:00:41.092,0.5
2026-04-26 08:00:40.732,0.5
2026-04-26 09:00:40.873,0.5
2026-04-26 10:00:19.008,0.5
2026-04-26 11:00:18.971,0.5
2026-04-26 12:00:20.728,0.5
2026-04-26 13:00:18.668,0.5
2026-04-26 14:00:18.252,0.5
2026-04-26 15:00:11.773,0.5
2026-04-26 16:00:43.683,0.5
2026-04-26 17:00:53.328,0.5
2026-04-26 18:00:06.294,0.5
2026-04-26 19:01:17.275,0.5
2026-04-26 20:01:16.799,0.5
2026-04-26 21:00:24.889,0.5
2026-04-26 22:00:28.911,0.5
2026-04-26 23:00:30.702,0.5
2026-04-27 00:00:24.158,0.5
2026-04-27 01:00:11.857,0.5
2026-04-27 02:00:11.429,0.5
2026-04-27 03:00:11.325,0.5
2026-04-27 04:00:12.992,0.5
2026-04-27 05:00:39.546,0.5
2026-04-27 06:00:40.148,0.5
2026-04-27 07:00:33.863,0.5
2026-04-27 08:00:34.141,0.5
2026-04-27 09:00:35.421,0.5
2026-04-27 10:00:34.287,0.5
2026-04-27 11:00:34.111,0.5
2026-04-27 12:01:09.242,0.5
2026-04-27 13:01:10.124,0.5
2026-04-27 14:00:19.387,0.5
2026-04-27 15:00:50.484,0.5
2026-04-27 16:00:07.998,0.5
2026-04-27 17:00:59.533,0.5
2026-04-27 18:00:50.951,0.5
2026-04-27 19:00:51.897,0.5
2026-04-27 20:00:50.273,0.5
2026-04-27 21:00:31.764,0.5
2026-04-27 22:00:58.909,0.5
2026-04-27 23:00:57.961,0.5
2026-04-28 00:00:58.526,0.5
2026-04-28 01:00:56.327,0.5
2026-04-28 02:00:56.092,0.5
2026-04-28 03:00:49.848,0.5
2026-04-28 04:00:23.893,0.5
2026-04-28 05:00:52.146,0.5
2026-04-28 06:00:22.275,0.5
2026-04-28 07:00:59.114,0.5
2026-04-28 08:00:58.405,0.5
2026-04-28 09:01:02.382,0.5
2026-04-28 10:00:49.501,0.5
2026-04-28 11:00:33.819,0.5
2026-04-28 12:00:34.548,0.5
2026-04-28 13:00:46.307,0.5
2026-04-28 14:00:46.431,0.5
2026-04-28 15:00:06.084,0.5
2026-04-28 16:01:19.444,0.5
2026-04-28 17:01:18.141,0.5
2026-04-28 18:01:18.654,0.5
2026-04-28 19:01:18.930,0.5
2026-04-28 20:01:18.940,0.5
2026-04-28 21:00:25.332,0.5
2026-04-28 22:00:25.434,0.5
2026-04-28 23:00:24.025,0.5
2026-04-29 00:01:21.856,0.5
2026-04-29 01:01:20.190,0.5
2026-04-29 02:01:18.545,0.5
2026-04-29 03:01:14.404,0.5
2026-04-29 04:01:13.810,0.5
2026-04-29 05:01:14.996,0.5
2026-04-29 06:01:14.125,0.5
2026-04-29 07:01:13.552,0.5
2026-04-29 08:01:12.547,0.5
2026-04-29 09:01:14.819,0.5
2026-04-29 10:01:14.802,0.5
2026-04-29 11:01:15.560,0.5
2026-04-29 12:01:16.397,0.5
2026-04-29 13:01:15.162,0.5
2026-04-29 14:01:15.322,0.5
2026-04-29 15:01:15.851,0.5
2026-04-29 16:01:16.962,0.5
2026-04-29 17:01:15.047,0.5
2026-04-29 18:01:17.892,0.5
2026-04-29 19:01:17.810,0.5
2026-04-29 20:01:16.178,0.5
2026-04-29 21:00:03.192,0.5
2026-04-29 22:00:03.312,0.5
2026-04-29 23:00:03.209,0.5
2026-04-30 00:00:03.409,0.5
2026-04-30 01:00:03.016,0.5
2026-04-30 02:00:02.995,0.5
2026-04-30 03:00:04.423,0.5
2026-04-30 04:00:16.663,0.5
2026-04-30 05:00:16.884,0.5
2026-04-30 06:00:17.429,0.5
2026-04-30 07:00:18.060,0.5
2026-04-30 08:00:56.631,0.5
2026-04-30 09:00:40.057,0.5
2026-04-30 10:00:38.769,0.5
2026-04-30 11:00:40.354,0.5
2026-04-30 12:00:29.083,0.5
2026-04-30 13:00:32.151,0.5
2026-04-30 14:00:44.292,0.5
2026-04-30 15:00:54.337,0.5
2026-04-30 16:00:54.721,0.5
2026-04-30 17:00:54.546,0.5
2026-04-30 18:00:11.311,0.5
2026-04-30 19:00:29.151,0.5
2026-04-30 20:00:05.021,0.5
2026-04-30 21:00:03.505,0.5
2026-04-30 22:00:03.523,0.5
2026-04-30 23:00:18.857,0.5
2026-05-01 00:00:05.601,0.5
2026-05-01 01:00:07.705,0.5
2026-05-01 02:00:06.097,0.5
2026-05-01 03:00:53.882,0.5
2026-05-01 04:00:51.876,0.5
2026-05-01 05:00:53.634,0.5
2026-05-01 06:00:54.472,0.5
2026-05-01 07:00:53.235,0.5
2026-05-01 08:00:39.563,0.5
2026-05-01 09:00:21.983,0.5
2026-05-01 10:00:21.263,0.5
2026-05-01 11:00:21.552,0.5
2026-05-01 12:00:59.960,0.5
2026-05-01 13:00:59.976,0.5
2026-05-01 14:00:58.247,0.5
2026-05-01 15:01:00.354,0.5
2026-05-01 16:00:43.660,0.5
2026-05-01 17:00:46.054,0.5
2026-05-01 18:00:54.033,0.5
2026-05-01 19:00:10.559,0.5
2026-05-01 20:00:27.773,0.5
2026-05-01 21:00:28.019,0.5
2026-05-01 22:00:27.822,0.5
2026-05-01 23:00:55.517,0.5
2026-05-02 00:00:13.803,0.5
2026-05-02 01:00:13.569,0.5
2026-05-02 02:00:38.107,0.5
2026-05-02 03:01:00.192,0.5
2026-05-02 04:01:00.344,0.5
2026-05-02 05:01:08.178,0.5
2026-05-02 06:01:08.310,0.5
2026-05-02 07:01:09.386,0.5
2026-05-02 08:01:07.801,0.5
2026-05-02 09:01:06.923,0.5
2026-05-02 10:00:38.039,0.5
2026-05-02 11:00:21.162,0.5
2026-05-02 12:00:42.981,0.5
2026-05-02 13:00:11.211,0.5
2026-05-02 14:01:09.224,0.5
2026-05-02 15:00:52.656,0.5
2026-05-02 16:00:18.543,0.5
2026-05-02 17:00:43.233,0.5
2026-05-02 18:00:21.852,0.5
2026-05-02 19:01:02.154,0.5
2026-05-02 20:00:48.886,0.5
2026-05-02 21:01:02.729,0.5
2026-05-02 22:00:20.156,0.5
2026-05-02 23:00:16.514,0.5
2026-05-03 00:00:45.857,0.5
2026-05-03 01:00:42.773,0.5
2026-05-03 02:00:40.665,0.5
2026-05-03 03:00:39.614,0.5
2026-05-03 04:01:02.404,0.5
2026-05-03 05:01:03.870,0.5
2026-05-03 06:01:08.985,0.5
2026-05-03 07:01:02.343,0.5
2026-05-03 08:01:03.793,0.5
2026-05-03 09:01:02.550,0.5
2026-05-03 10:01:01.485,0.5
2026-05-03 11:00:12.398,0.5
2026-05-03 12:00:12.789,0.5
2026-05-03 13:01:03.621,0.5
2026-05-03 14:01:02.965,0.5
2026-05-03 15:00:35.119,0.5
2026-05-03 16:00:29.078,0.5
2026-05-03 17:00:28.516,0.5
2026-05-03 18:00:29.786,0.5
2026-05-03 19:00:53.069,0.5
2026-05-03 20:00:54.015,0.5
2026-05-03 21:00:29.927,0.5
2026-05-03 22:00:09.229,0.5
2026-05-03 23:00:26.285,0.5
2026-05-04 00:00:12.791,0.5
2026-05-04 01:00:09.887,0.5
2026-05-04 02:00:10.026,0.5
2026-05-04 03:00:11.056,0.5
2026-05-04 04:00:10.843,0.5
2026-05-04 05:00:00.167,0.5
2026-05-04 06:00:01.009,0.5
2026-05-04 07:00:09.838,0.5
2026-05-04 08:00:09.955,0.5
2026-05-04 09:01:06.008,0.5
2026-05-04 10:01:07.345,0.5
2026-05-04 11:01:09.961,0.5
2026-05-04 12:01:08.217,0.5
2026-05-04 13:01:06.044,0.5
2026-05-04 14:01:05.682,0.5
2026-05-04 15:00:01.489,0.5
2026-05-04 16:00:24.893,0.5
2026-05-04 17:00:59.722,0.5
2026-05-04 18:00:09.206,0.5
2026-05-04 19:01:10.415,0.5
2026-05-04 20:00:00.576,0.5
2026-05-04 21:00:00.609,0.5
2026-05-04 22:01:02.320,0.5
2026-05-04 23:00:35.418,0.5
2026-05-05 00:00:44.401,0.5
2026-05-05 01:00:41.306,0.5
2026-05-05 02:01:01.916,0.5
2026-05-05 03:01:03.819,0.5
2026-05-05 04:01:02.950,0.5
2026-05-05 05:00:46.328,0.5
2026-05-05 06:00:44.978,0.5
2026-05-05 07:00:57.229,0.5
2026-05-05 08:00:06.900,0.5
2026-05-05 09:00:32.067,0.5
2026-05-05 10:00:08.698,0.5
2026-05-05 11:00:07.350,0.5
2026-05-05 12:00:22.787,0.5
2026-05-05 13:01:04.771,0.5
2026-05-05 14:01:04.348,0.5
2026-05-05 15:01:15.836,0.5
2026-05-05 16:01:16.901,0.5
2026-05-05 17:01:18.532,0.5
2026-05-05 18:01:16.801,0.5
2026-05-05 18:03:03.000,0.5
