timestamp,fundingRate
2026-01-31 18:02:05.179,
2026-01-31 19:01:13.654,
2026-01-31 20:00:56.717,
2026-01-31 21:02:59.629,
2026-01-31 22:03:17.325,
2026-01-31 23:02:09.195,
2026-02-01 00:03:01.947,
2026-02-01 01:02:21.769,
2026-02-01 02:01:09.634,
2026-02-01 03:00:46.145,
2026-02-01 04:02:24.312,
2026-02-01 05:02:28.642,
2026-02-01 06:03:09.281,
2026-02-01 07:01:05.779,
2026-02-01 08:02:10.245,
2026-02-01 09:00:38.190,
2026-02-01 10:00:37.668,
2026-02-01 11:00:41.105,
2026-02-01 12:00:41.283,
2026-02-01 13:03:02.674,
2026-02-01 14:02:16.396,-0.004084854173164348
2026-02-01 15:01:05.477,-0.004478723238673455
2026-02-01 16:01:32.047,-0.0023512869781548706
2026-02-01 17:00:04.775,-0.005393374829110543
2026-02-01 18:02:08.354,-0.004835228898471456
2026-02-01 19:02:11.572,-0.0024164412454881993
2026-02-01 20:02:58.956,-0.0030284575126638294
2026-02-01 21:00:50.839,0.002275325014833357
2026-02-01 22:00:54.298,0.0002233325607982452
2026-02-01 23:01:26.209,0.002172089658200843
2026-02-02 00:02:14.217,-0.0020482681188225826
2026-02-02 01:01:28.500,0.005434935816597097
2026-02-02 02:01:50.661,0.00600720997913094
2026-02-02 03:01:42.341,0.005455411585573411
2026-02-02 04:01:49.601,0.0025656613898148994
2026-02-02 05:01:37.515,0.005765530752387792
2026-02-02 06:01:44.955,-0.0026208011713999
2026-02-02 07:02:47.985,-0.0007265808777687676
2026-02-02 08:02:04.051,0.004152879771455765
2026-02-02 09:02:14.259,0.004113517447252158
2026-02-02 10:03:04.049,0.0029930349049313854
2026-02-02 11:03:24.600,0.0070554393926624045
2026-02-02 12:02:38.092,0.0003093515593344254
2026-02-02 13:02:40.620,-0.0005721612794584274
2026-02-02 14:03:27.534,0.00041892262852758475
2026-02-02 15:02:11.605,0.00035822980801040734
2026-02-02 16:02:12.878,0.00013038233895544234
2026-02-02 17:04:33.462,0.0005763815772656163
2026-02-02 18:03:39.506,-0.0016104904986190716
2026-02-02 19:04:22.797,-0.0012103835365437298
2026-02-02 20:03:36.809,-0.001859128578090008
2026-02-02 21:01:57.484,-0.0024827389184159995
2026-02-02 22:03:05.735,-0.0020658881138018227
2026-02-02 23:02:17.726,-0.0015368509863152413
2026-02-03 00:02:03.877,-0.002716442345394976
2026-02-03 01:02:06.760,-0.0033142155941448866
2026-02-03 02:00:44.986,-0.0053429941639082604
2026-02-03 03:02:51.643,-0.008727684231952332
2026-02-03 04:02:15.123,-0.004673892330024836
2026-02-03 05:02:26.808,-0.0005583881680423563
2026-02-03 06:03:11.668,-0.0001204618427510851
2026-02-03 07:01:28.754,0.0024396987218870516
2026-02-03 08:01:13.645,0.008316065909471704
2026-02-03 09:01:49.299,0.003761070521997889
2026-02-03 10:01:52.908,-0.00191987523842716
2026-02-03 11:02:12.206,0.0006526260320387333
2026-02-03 12:01:31.926,0.0019988437740483924
2026-02-03 13:01:30.716,0.002564372761207451
2026-02-03 14:01:26.933,0.0011567735487092335
2026-02-03 15:01:22.581,-0.0015279986094888511
2026-02-03 16:01:55.741,0.0029670396122972124
2026-02-03 17:01:42.596,-0.0020276662570942795
2026-02-03 18:00:54.085,-0.00775779978808348
2026-02-03 19:00:06.961,-0.009395413698638565
2026-02-03 20:02:21.886,0.0033631783006076335
2026-02-03 21:02:47.954,0.0031302225671194176
2026-02-03 22:01:21.995,0.004740453429863378
2026-02-03 23:01:59.837,0.005451439651515189
2026-02-04 00:01:46.100,0.0074157669171360015
2026-02-04 01:00:32.429,0.00041895928802505595
2026-02-04 02:01:12.187,-0.008391733219741482
2026-02-04 03:01:53.282,-0.007318201941679869
2026-02-04 04:01:39.950,0.0009864479026661654
2026-02-04 05:00:18.408,0.0036567139899636837
2026-02-04 06:00:25.122,0.0008871253247420664
2026-02-04 07:00:24.913,0.002129111184877475
2026-02-04 08:00:21.814,0.0054590195089640635
2026-02-04 09:00:46.015,0.0015059350663893523
2026-02-04 10:01:47.655,0.0011558906126599212
2026-02-04 11:01:53.260,0.0006866362111601188
2026-02-04 12:01:41.245,-0.002271555013511045
2026-02-04 13:02:10.551,-0.0031130755867885608
2026-02-04 14:02:12.136,-0.007822519694452667
2026-02-04 15:01:47.034,-0.007343248256979091
2026-02-04 16:02:28.057,-0.005381630000964965
2026-02-04 17:04:31.446,-0.002983234992298511
2026-02-04 18:01:52.325,-0.004666174016001546
2026-02-04 19:01:53.196,0.004593908677716652
2026-02-04 20:03:08.330,0.00708997690611135
2026-02-04 21:01:27.166,0.006953866922501101
2026-02-04 22:01:13.425,0.007819507796707115
2026-02-04 23:02:09.324,0.007043144177480315
2026-02-05 00:00:55.496,0.002110928623920688
2026-02-05 01:00:00.895,-0.0036438203028127613
2026-02-05 02:01:46.893,-0.002949569926156381
2026-02-05 03:02:38.102,-0.0008508499873660647
2026-02-05 04:03:07.326,-0.0009609649220912175
2026-02-05 05:03:06.494,-0.0054269749463519085
2026-02-05 06:02:23.422,-0.005138453050192071
2026-02-05 07:03:06.245,-0.007166090513983464
2026-02-05 08:01:59.164,-0.005774011756849017
2026-02-05 09:02:31.076,-0.0032985179654451803
2026-02-05 10:02:45.057,-0.002239391169688837
2026-02-05 11:02:41.313,-0.003919259431186944
2026-02-05 12:03:29.145,-0.00255232584376307
2026-02-05 13:03:04.900,-0.00228832515302928
2026-02-05 14:02:43.145,-0.0067122730056721315
2026-02-05 15:00:11.786,-0.002366760394601075
2026-02-05 16:02:46.222,-0.0009894787138521322
2026-02-05 17:03:13.780,0.002549900720416648
2026-02-05 18:03:01.800,-0.005913278653295157
2026-02-05 19:02:39.349,-0.004607455093103602
2026-02-05 20:02:51.405,-0.007813201978226115
2026-02-05 21:03:15.661,-0.00657611770379778
2026-02-05 22:02:54.222,-0.008365656131186217
2026-02-05 23:02:55.876,0.00040889726455032357
2026-02-06 00:02:36.443,0.0020906729174921587
2026-02-06 01:01:29.825,0.0018483201852240666
2026-02-06 02:01:17.190,0.01103300841663904
2026-02-06 03:00:20.389,0.0065713410857433045
2026-02-06 04:02:53.576,0.004109884782022777
2026-02-06 05:02:53.807,0.005379434179270698
2026-02-06 06:01:17.947,0.012355289229954746
2026-02-06 07:04:07.779,0.0011887381251064087
2026-02-06 08:03:07.312,0.005143389481649718
2026-02-06 09:03:00.537,0.00800752907862381
2026-02-06 10:03:12.192,0.009227216821150557
2026-02-06 11:02:57.246,0.0065173375219970305
2026-02-06 12:03:12.244,0.01481286588860416
2026-02-06 13:03:17.628,0.015125843054880562
2026-02-06 14:02:40.159,0.011649105247067177
2026-02-06 15:00:48.700,0.01055803974896261
2026-02-06 16:03:28.157,0.004569615138547522
2026-02-06 17:01:44.149,0.0011937036115216458
2026-02-06 18:02:25.034,0.0012870849358264597
2026-02-06 19:02:44.474,-0.0005853745729515521
2026-02-06 20:01:15.199,-0.0032515418731166143
2026-02-06 21:02:31.874,-0.004341313124829266
2026-02-06 22:03:17.464,-0.0064633183477419255
2026-02-06 23:02:16.208,-0.00509530343625516
2026-02-07 00:02:42.039,-0.004468703088231985
2026-02-07 01:02:59.435,-0.006536738521785995
2026-02-07 02:02:52.372,-0.004984110242625506
2026-02-07 03:03:42.235,-0.00751127370559293
2026-02-07 04:02:25.702,-0.009535397789884803
2026-02-07 05:03:18.348,-0.006003176286735368
2026-02-07 06:03:29.475,-0.003962537301717145
2026-02-07 07:02:52.551,-0.0018884420299459192
2026-02-07 08:00:50.581,-0.003960829932724913
2026-02-07 09:00:49.665,-0.0052286889799789075
2026-02-07 10:00:54.363,-0.005296778549052844
2026-02-07 11:01:02.781,-0.004109486253908135
2026-02-07 12:00:19.025,-0.0014646632356481726
2026-02-07 13:02:11.606,0.007007990654533419
2026-02-07 14:01:10.416,0.007019488300379145
2026-02-07 15:03:04.485,0.004893334934896531
2026-02-07 16:03:59.041,0.009157249260702605
2026-02-07 17:03:34.359,0.00821508509574539
2026-02-07 18:03:07.984,0.0026785556697025426
2026-02-07 19:03:21.403,0.00494356844672853
2026-02-07 20:03:22.956,0.003968659641485217
2026-02-07 21:03:02.790,-0.0005228785127024072
2026-02-07 22:02:06.023,-0.0018489138601139544
2026-02-07 23:03:05.185,-0.0004771484300204188
2026-02-08 00:03:14.179,-0.0017093856840473542
2026-02-08 01:03:04.980,-0.00013299457924625946
2026-02-08 02:03:54.661,-0.00195277878140353
2026-02-08 03:04:34.957,-0.003655220653437696
2026-02-08 04:04:36.508,-0.005113694625132959
2026-02-08 05:04:13.647,-0.005600851527826129
2026-02-08 06:04:20.758,-0.005519337393116663
2026-02-08 07:04:31.327,-0.005360363194172007
2026-02-08 08:04:32.879,-0.002207088509224947
2026-02-08 09:02:53.492,0.002670601938940781
2026-02-08 10:02:06.763,0.0012290457823686375
2026-02-08 11:03:39.547,0.000939244704252351
2026-02-08 12:03:51.632,0.005051192137985738
2026-02-08 13:02:20.806,0.004226758675572884
2026-02-08 14:04:05.655,0.0011361040885083829
2026-02-08 15:04:25.884,0.004157489177815954
2026-02-08 16:03:07.196,0.003019441682226004
2026-02-08 17:02:55.796,-0.0034957252560159358
2026-02-08 18:03:44.734,-0.0017075027733576666
2026-02-08 19:03:21.553,-0.0008290431272290788
2026-02-08 20:03:15.032,-0.0020203730374140473
2026-02-08 21:04:33.526,-0.001931601475638772
2026-02-08 22:04:47.534,0.0010658524513871947
2026-02-08 23:03:38.005,-0.0009849126535153574
2026-02-09 00:03:43.504,-0.003961404209033742
2026-02-09 01:04:03.314,-0.005134799725154554
2026-02-09 02:03:35.490,-0.0016530963486139137
2026-02-09 03:03:23.255,0.0007696477122064227
2026-02-09 04:03:41.470,0.0012788629327419089
2026-02-09 05:03:25.571,0.0019595551410790555
2026-02-09 06:03:36.004,0.0034358562115994365
2026-02-09 07:03:35.443,0.000525474476511123
2026-02-09 08:04:33.325,-0.001145202447562793
2026-02-09 09:00:04.730,-0.005475320900224439
2026-02-09 10:00:04.838,-0.005792330022177199
2026-02-09 11:03:45.013,-0.008006663086017501
2026-02-09 12:03:55.154,-0.006107574803029154
2026-02-09 13:03:43.176,-0.004290130111449542
2026-02-09 14:03:47.287,-0.00121380167751648
2026-02-09 15:04:24.642,0.004117699942876774
2026-02-09 16:04:29.590,0.008815923471720189
2026-02-09 17:03:19.845,0.009107460995617177
2026-02-09 18:01:09.581,0.01000153985425486
2026-02-09 19:03:13.526,0.009792620144191633
2026-02-09 20:03:54.581,0.006807105353615511
2026-02-09 21:03:54.520,0.003854101187457509
2026-02-09 22:04:34.568,0.0010943492249992249
2026-02-09 23:04:33.680,-0.002044272007832548
2026-02-10 00:03:15.798,5.998945103355413e-05
2026-02-10 01:04:56.722,-0.0013933303592062408
2026-02-10 02:03:57.625,-0.00011596486897364475
2026-02-10 03:03:37.455,-2.569137618405604e-05
2026-02-10 04:03:14.483,-0.0029488026531441277
2026-02-10 05:04:08.173,-0.001537912990514706
2026-02-10 06:03:47.882,-0.0037251567130537067
2026-02-10 07:03:44.282,-0.009208807380752004
2026-02-10 08:00:41.372,-0.007588794323170899
2026-02-10 09:00:20.660,-0.0040529456931084895
2026-02-10 10:00:36.270,-0.006651029570709077
2026-02-10 11:02:24.112,-0.0034799506813419645
2026-02-10 12:03:41.104,0.0013372022350088774
2026-02-10 13:03:07.726,0.0006425735166904589
2026-02-10 14:02:26.124,0.002445127654136403
2026-02-10 15:00:40.433,0.001918298803650531
2026-02-10 16:02:40.840,0.003131387917293127
2026-02-10 17:03:05.471,0.0029350713791207626
2026-02-10 18:01:54.529,0.003200786397024524
2026-02-10 19:02:34.726,-0.0015372993317695539
2026-02-10 20:00:33.373,-0.0006477047786006217
2026-02-10 21:02:50.100,-0.0012997822233543899
2026-02-10 22:03:25.992,-0.0009384794361627815
2026-02-10 23:03:22.378,-0.0012265382893329735
2026-02-11 00:00:13.960,-0.00011962344599275587
2026-02-11 01:02:08.949,-0.0017597575269837074
2026-02-11 02:04:12.582,-0.0012698971384294986
2026-02-11 03:00:21.247,-0.0034227684424874448
2026-02-11 04:01:47.936,-0.003246139000878157
2026-02-11 05:02:52.839,8.64247203971602e-06
2026-02-11 06:03:01.379,0.001247908151306082
2026-02-11 07:02:42.975,-0.0035539308404505974
2026-02-11 08:03:23.050,-0.0009952672624086779
2026-02-11 09:03:36.257,-0.0018906917941729218
2026-02-11 10:03:20.322,-0.0006310514429706815
2026-02-11 11:03:12.221,-0.002040363044845223
2026-02-11 12:03:45.415,0.002646671956048047
2026-02-11 13:02:45.505,0.002217592511783539
2026-02-11 14:03:28.834,0.00544048311639761
2026-02-11 15:03:18.968,0.001969254152969002
2026-02-11 16:02:28.177,0.0024766156304896424
2026-02-11 17:02:27.463,0.00032804927187834445
2026-02-11 18:03:37.358,0.0015712673577947757
2026-02-11 19:02:56.410,-0.0005431884893990989
2026-02-11 20:03:26.280,0.0014203006715490683
2026-02-11 21:03:31.833,0.0012149857196495028
2026-02-11 22:03:11.684,0.005345631198861783
2026-02-11 23:03:43.851,-0.0010576680123536965
2026-02-12 00:03:14.942,-0.0036781633984922677
2026-02-12 01:03:05.864,-0.002290900313445132
2026-02-12 02:02:44.944,0.0015359824984214508
2026-02-12 03:02:17.755,-0.0019586236005761483
2026-02-12 04:03:00.699,0.004910172349088882
2026-02-12 05:02:26.654,0.006511593423640882
2026-02-12 06:03:35.181,0.005020982752827674
2026-02-12 07:02:27.937,0.004517354809759521
2026-02-12 08:01:16.408,0.0069738032776666455
2026-02-12 09:00:05.147,0.003689574364994475
2026-02-12 10:00:22.567,0.0063280048298085196
2026-02-12 11:04:00.945,0.006035605997059629
2026-02-12 12:03:05.853,0.003582381452133438
2026-02-12 13:00:31.847,-0.0011616392675918906
2026-02-12 14:02:56.056,0.0035334979634343675
2026-02-12 15:00:43.728,0.001967794803499018
2026-02-12 16:00:28.451,-0.002432672580067913
2026-02-12 17:00:27.306,-0.008663297959072603
2026-02-12 18:00:29.120,-0.004821740027769216
2026-02-12 19:03:07.728,-0.008989806588704597
2026-02-12 20:00:58.123,-0.008710537443874483
2026-02-12 21:00:14.014,-0.007078272221182402
2026-02-12 22:03:56.660,0.0006942488285233697
2026-02-12 23:02:13.236,0.003582985008476075
2026-02-13 00:01:57.760,0.003582157639737793
2026-02-13 01:02:10.872,0.000910572962593531
2026-02-13 02:02:18.557,0.003926629817647481
2026-02-13 03:03:35.732,0.004971509135430646
2026-02-13 04:04:00.605,-0.000508008623974543
2026-02-13 05:03:18.924,-0.0025905953835664904
2026-02-13 06:02:05.963,-0.0019603090052281724
2026-02-13 07:01:16.952,-0.0016310110658271648
2026-02-13 08:01:57.102,-0.0031012618837203965
2026-02-13 09:02:03.015,-0.001992643768986763
2026-02-13 10:00:08.332,0.0010135887321010895
2026-02-13 11:00:20.243,0.003547244949250572
2026-02-13 12:01:41.860,0.0012573328603982803
2026-02-13 13:02:39.033,-0.00035039409067638694
2026-02-13 14:02:29.889,-0.0006545305522271506
2026-02-13 15:02:36.161,0.0009050096426076125
2026-02-13 16:02:25.449,-6.11272512882398e-05
2026-02-13 17:01:58.234,0.005494217836157139
2026-02-13 18:00:12.728,0.005599019651672683
2026-02-13 19:03:29.162,0.00768631173176964
2026-02-13 20:03:32.772,0.005264588709801621
2026-02-13 21:03:49.405,0.005726913131468148
2026-02-13 22:03:51.518,3.659839936379647e-05
2026-02-13 23:02:21.396,-0.0004127533531481653
2026-02-14 00:01:35.305,-0.0032932100147729125
2026-02-14 01:01:34.983,-0.002772180877520114
2026-02-14 02:01:20.998,-0.003569248180621798
2026-02-14 03:01:33.183,-0.00299967700701933
2026-02-14 04:00:25.281,-0.00041281853694422055
2026-02-14 05:00:25.100,-0.0022535088075094855
2026-02-14 06:00:24.704,-0.002862123745669637
2026-02-14 07:03:09.182,-0.0028488471537526537
2026-02-14 08:03:24.970,-0.002714793081288874
2026-02-14 09:03:42.548,-0.0018415409092415128
2026-02-14 10:02:29.396,0.0007308203142641356
2026-02-14 11:03:49.721,0.00016051010510426643
2026-02-14 12:01:44.509,0.002420589783122623
2026-02-14 13:01:59.773,6.636663115854296e-05
2026-02-14 14:03:29.435,-0.0038214070976615054
2026-02-14 15:03:30.652,0.0008747131201966073
2026-02-14 16:03:04.293,0.0026134419393483875
2026-02-14 17:02:43.641,0.0008483530162926522
2026-02-14 18:03:29.896,0.007422287247507025
2026-02-14 19:00:49.995,0.01462783616744718
2026-02-14 20:03:20.732,0.012691731997244876
2026-02-14 21:00:12.626,0.012149230758563641
2026-02-14 22:00:10.372,0.010307583368979497
2026-02-14 23:02:45.177,0.010263926441807753
2026-02-15 00:03:42.654,-8.701706898703917e-05
2026-02-15 01:03:13.317,-0.004572319453852702
2026-02-15 02:02:12.000,-0.004983156238690134
2026-02-15 03:01:57.413,-0.0031903272374173624
2026-02-15 04:03:56.499,-0.009404479717923825
2026-02-15 05:02:48.765,-0.00933384465604456
2026-02-15 06:02:42.775,-0.009449108174141546
2026-02-15 07:03:41.338,-0.009283305079921221
2026-02-15 08:02:33.401,-0.00955577316912214
2026-02-15 09:03:24.855,-0.012264108831915739
2026-02-15 10:02:31.140,-0.007211022833686043
2026-02-15 11:02:41.082,-0.004842858318498999
2026-02-15 12:02:40.248,-0.004244100141806972
2026-02-15 13:03:36.296,-0.009965266114756732
2026-02-15 14:03:22.214,-0.008989785844178182
2026-02-15 15:03:35.692,-0.00632943998574636
2026-02-15 16:00:01.850,-0.005544011567031376
2026-02-15 17:02:22.936,-0.00797221148256489
2026-02-15 18:03:56.320,-0.004119559301630205
2026-02-15 19:02:07.139,0.0018785739930561153
2026-02-15 20:03:10.589,-0.001638380406433576
2026-02-15 21:00:58.188,-0.0017585950350324508
2026-02-15 22:02:38.046,0.001994454680817037
2026-02-15 23:04:16.376,0.00578356359045219
2026-02-16 00:01:27.221,0.007114229988596765
2026-02-16 01:01:53.229,0.006965222424177353
2026-02-16 02:03:03.876,0.0059790489502748075
2026-02-16 03:02:57.163,0.004090407134952401
2026-02-16 04:02:43.050,0.0050666967674444455
2026-02-16 05:01:42.024,0.0033903176501295816
2026-02-16 06:02:09.646,0.0028789026444182683
2026-02-16 07:03:48.518,0.004061825504067917
2026-02-16 08:02:53.818,0.0039701183011632835
2026-02-16 09:03:00.747,0.0027885868717890784
2026-02-16 10:02:28.003,0.003244931628705111
2026-02-16 11:02:36.686,0.003815320102812059
2026-02-16 12:01:10.941,0.002279996585613636
2026-02-16 13:02:23.868,0.005340432172305104
2026-02-16 14:03:39.888,-0.0026202050430162386
2026-02-16 15:03:44.092,-0.004104259820939715
2026-02-16 16:00:16.755,-0.0068435972056317355
2026-02-16 17:03:51.136,-0.00454129376587552
2026-02-16 18:03:06.462,-0.00875170856662022
2026-02-16 19:03:38.953,-2.767404320341836e-05
2026-02-16 20:03:26.685,-0.001738143879608256
2026-02-16 21:03:40.915,0.004927259902452796
2026-02-16 22:00:22.475,0.00433499733735197
2026-02-16 23:02:29.664,0.0045062088344567765
2026-02-17 00:02:38.397,0.0040080911365071355
2026-02-17 01:01:49.800,0.0034964971214041076
2026-02-17 02:02:11.692,-4.0209363712423386e-05
2026-02-17 03:02:12.099,0.00019208026798375744
2026-02-17 04:01:52.717,-0.0012072127315604976
2026-02-17 05:02:04.691,-0.0024268032535673056
2026-02-17 06:02:21.707,-0.0022730923412155658
2026-02-17 07:02:13.780,-0.001977507129134526
2026-02-17 08:01:02.123,-0.005082317448475099
2026-02-17 09:02:58.384,-0.0025853115939984956
2026-02-17 10:02:49.890,-0.004309474746197617
2026-02-17 11:00:29.389,-0.005852001614315816
2026-02-17 12:01:33.020,-0.0050032046051412815
2026-02-17 13:02:03.330,-0.003544019151375782
2026-02-17 14:01:38.600,-0.0005784602589913701
2026-02-17 15:00:13.768,-0.0024433144943426578
2026-02-17 16:00:26.451,0.0044804386508072004
2026-02-17 17:01:05.539,0.005770524868232224
2026-02-17 18:02:25.975,0.004751886445623276
2026-02-17 19:00:57.762,0.005602400630182241
2026-02-17 20:04:32.903,0.008525158562352059
2026-02-17 21:02:03.674,0.005361216325923607
2026-02-17 22:03:51.592,0.0017334756212554758
2026-02-17 23:03:19.308,0.002826776135247344
2026-02-18 00:02:51.653,-0.0027949779297158804
2026-02-18 01:02:43.482,-0.0032347288687008474
2026-02-18 02:02:18.315,-0.004589755112752647
2026-02-18 03:01:44.817,-0.004632401212134235
2026-02-18 04:02:37.453,-0.002534866958029819
2026-02-18 05:01:29.549,-0.002948240341290814
2026-02-18 06:01:49.678,0.00025368701378174484
2026-02-18 07:02:55.604,0.0011914530397109544
2026-02-18 08:01:08.653,0.0028890836271472818
2026-02-18 09:00:01.554,0.0027619570365827848
2026-02-18 10:02:35.289,0.005827290377581906
2026-02-18 11:02:24.650,0.0020410318658797113
2026-02-18 12:02:48.506,0.0009058899042432066
2026-02-18 13:00:26.335,-0.001372730549315243
2026-02-18 14:01:16.316,-0.004594739119946067
2026-02-18 15:01:17.203,-0.00509940784849252
2026-02-18 16:00:00.308,-0.0009396874401222278
2026-02-18 17:02:33.076,-0.0032239883131619405
2026-02-18 18:01:51.242,-0.0033852946180483842
2026-02-18 19:02:09.730,-0.0024692116647616006
2026-02-18 20:01:52.389,-0.004017638975632776
2026-02-18 21:02:07.083,-0.0075356147084534595
2026-02-18 22:02:03.331,-0.0027547176918132407
2026-02-18 23:02:24.205,-0.000508485815524834
2026-02-19 00:01:22.546,-1.4627279243312197e-05
2026-02-19 01:02:22.221,0.00012480124902565222
2026-02-19 02:02:35.669,0.002244889438820541
2026-02-19 03:02:42.038,0.0027355103785807076
2026-02-19 04:00:22.549,0.0035189605867887
2026-02-19 05:00:23.965,0.005382064175845403
2026-02-19 06:00:20.993,0.005652081338933623
2026-02-19 07:00:25.388,0.002587443965836572
2026-02-19 08:00:25.322,0.002010681904751016
2026-02-19 09:00:23.471,-0.0006838432655739469
2026-02-19 10:00:27.697,-0.0019587520072275825
2026-02-19 11:00:25.233,-0.0014530769817543924
2026-02-19 12:00:26.425,-0.0012985729084578792
2026-02-19 13:00:26.228,-0.003498417081541483
2026-02-19 14:00:22.296,-0.0030786275580323816
2026-02-19 15:02:22.181,-0.0009363163565328291
2026-02-19 16:02:17.508,-0.0028521011043249334
2026-02-19 17:01:33.567,-0.003107545542061729
2026-02-19 18:01:30.033,-0.00265325918650538
2026-02-19 19:01:59.412,0.002460038408582005
2026-02-19 20:02:12.491,9.14120107950501e-05
2026-02-19 21:01:30.535,0.0037162751544350284
2026-02-19 22:01:15.589,0.005132268896135761
2026-02-19 23:03:36.081,0.005371205080766816
2026-02-20 00:02:50.424,0.0019054000335491205
2026-02-20 01:01:50.577,0.002636828018294823
2026-02-20 02:02:07.726,0.0025425210064788707
2026-02-20 03:00:30.853,0.0026979152588528623
2026-02-20 04:00:42.416,0.0038719600661337727
2026-02-20 05:00:42.670,0.0017612451931893537
2026-02-20 06:00:31.700,0.0010642544798692643
2026-02-20 07:02:49.744,0.0002384711329833089
2026-02-20 08:03:26.929,-0.00042336823726840114
2026-02-20 09:03:05.569,-0.0004293600900360739
2026-02-20 10:01:08.318,0.0018228228990000428
2026-02-20 11:03:27.911,0.0013450330612098551
2026-02-20 12:00:08.809,-0.0009500018783143882
2026-02-20 13:03:49.511,-0.0004071684866980118
2026-02-20 14:02:51.560,-0.00488357626244944
2026-02-20 15:01:37.887,-0.0029540494372817805
2026-02-20 16:03:29.744,0.0009706308731464832
2026-02-20 17:01:28.115,0.0039054570059877222
2026-02-20 18:02:16.468,0.0029857579562106214
2026-02-20 19:02:27.934,0.006929108625531698
2026-02-20 20:00:43.420,0.002971638286973266
2026-02-20 21:00:49.832,-0.0033874085408228394
2026-02-20 22:02:38.187,-0.0029923050790454154
2026-02-20 23:02:30.714,-0.0009265693775422524
2026-02-21 00:01:17.376,-0.0012172147751422445
2026-02-21 01:01:16.724,-0.002805075639311672
2026-02-21 02:02:28.376,-0.00036907282431524195
2026-02-21 03:02:10.791,-0.0011118829221527459
2026-02-21 04:02:45.215,-0.0030114299909091034
2026-02-21 05:01:59.228,-0.0014805968666070923
2026-02-21 06:02:07.292,0.001855501986018332
2026-02-21 07:02:24.355,-0.000245909556823154
2026-02-21 08:02:23.316,-0.001651199815725063
2026-02-21 09:02:03.450,0.0010852587903826152
2026-02-21 10:02:05.413,-0.0002387039531216886
2026-02-21 11:02:05.367,5.4432705071361196e-05
2026-02-21 12:02:20.070,0.002886777470615698
2026-02-21 13:01:11.963,0.002228646398652101
2026-02-21 14:01:24.986,0.0003532244657029116
2026-02-21 15:01:25.083,0.00038534261857895986
2026-02-21 16:01:18.443,-0.0007183443381362565
2026-02-21 17:03:15.247,-0.002453217416100117
2026-02-21 18:01:58.767,-0.0006649103560961156
2026-02-21 19:03:17.401,-0.0004776488197192452
2026-02-21 20:02:11.535,-0.002464120009776549
2026-02-21 21:02:23.251,-0.0026137183263491128
2026-02-21 22:03:31.733,-0.0001763697439194245
2026-02-21 23:02:52.745,-0.001549777997126195
2026-02-22 00:02:08.645,-0.0036929611822499983
2026-02-22 01:02:45.001,-0.0037182162781909667
2026-02-22 02:02:17.300,-0.0021055033191537563
2026-02-22 03:02:44.932,-0.004682402866269941
2026-02-22 04:03:31.768,-0.003653302179205048
2026-02-22 05:02:51.169,-0.0023976375882527935
2026-02-22 06:00:24.029,-0.000879872222432776
2026-02-22 07:00:17.554,9.274898617976928e-05
2026-02-22 08:03:50.472,0.002754672659588997
2026-02-22 09:01:40.616,0.0022265595955263616
2026-02-22 10:00:43.731,0.003739250191999527
2026-02-22 11:02:50.458,0.00527478471704515
2026-02-22 12:03:24.725,0.0027406619146050693
2026-02-22 13:02:28.317,-0.0008332510509512503
2026-02-22 14:02:50.018,-0.00043828098973575655
2026-02-22 15:03:14.719,-0.002566176307111734
2026-02-22 16:02:55.866,-0.0027958958418122853
2026-02-22 17:00:33.237,-0.003003863039662641
2026-02-22 18:00:44.782,-0.000277630526359568
2026-02-22 19:02:39.611,0.000127013096709139
2026-02-22 20:03:29.975,0.0009699174781353291
2026-02-22 21:03:14.635,-0.0012271165988885111
2026-02-22 22:04:06.924,0.0006332625495213406
2026-02-22 23:02:52.545,0.0017054231838007526
2026-02-23 00:03:36.472,0.0011183362167561607
2026-02-23 01:02:54.712,-0.0007136707848388432
2026-02-23 02:00:33.470,-0.009894113879162785
2026-02-23 03:00:29.234,-0.01238831644187391
2026-02-23 04:00:39.885,-0.012332492655844768
2026-02-23 05:00:40.585,-0.015247540804170089
2026-02-23 06:00:33.190,-0.010735868975577057
2026-02-23 07:00:40.500,0.006086974272817691
2026-02-23 08:01:04.707,0.0049192043203596155
2026-02-23 09:01:13.451,0.0026990485052217237
2026-02-23 10:01:28.893,0.009235065916122508
2026-02-23 11:02:24.628,0.0018023010854573418
2026-02-23 12:02:10.714,-0.001210656733283427
2026-02-23 13:02:30.483,0.003620541114556674
2026-02-23 14:02:32.657,0.004156051086526619
2026-02-23 15:02:41.313,-0.0003390606722084074
2026-02-23 16:03:49.827,0.0035818431263302977
2026-02-23 17:03:53.906,0.00010917095770310824
2026-02-23 18:00:22.024,-0.0036267574419210687
2026-02-23 19:03:09.997,-0.0008194279175888011
2026-02-23 20:02:19.297,0.00030054060621589364
2026-02-23 21:03:43.073,0.004637926507643896
2026-02-23 22:01:21.917,0.002222513958081607
2026-02-23 23:02:45.259,0.0032827808508603395
2026-02-24 00:02:45.842,-0.0008024005831730021
2026-02-24 01:03:38.851,-0.000917619538109077
2026-02-24 02:02:49.070,-0.003628235811501317
2026-02-24 03:02:57.935,-0.0036554850062833827
2026-02-24 04:02:40.582,-0.0020684845439619785
2026-02-24 05:03:34.418,-0.0002952292012756933
2026-02-24 06:03:08.522,-0.00019819399788430486
2026-02-24 07:02:23.167,-0.000754284989617205
2026-02-24 08:02:46.992,0.0031880144152272027
2026-02-24 09:03:37.411,0.00528899504207574
2026-02-24 10:03:23.659,0.005576460275995737
2026-02-24 11:04:12.991,0.005948523278747819
2026-02-24 12:04:10.785,0.006821317439491664
2026-02-24 13:02:53.735,0.006621151802260389
2026-02-24 14:03:29.489,0.004227329621525294
2026-02-24 15:03:04.457,0.006090846704026193
2026-02-24 16:02:23.255,0.007690560111190237
2026-02-24 17:03:28.679,0.008284829941825066
2026-02-24 18:03:17.310,0.007086760447178964
2026-02-24 19:02:27.907,0.006441430908471552
2026-02-24 20:02:26.756,0.0037397912951533724
2026-02-24 21:03:06.257,0.0029771366231662487
2026-02-24 22:02:48.753,0.0008705855623064754
2026-02-24 23:02:29.598,0.0005088226016219002
2026-02-25 00:03:09.982,-0.0003103048912452052
2026-02-25 01:02:51.751,-0.0004088461960763288
2026-02-25 02:04:29.136,0.004867860794188288
2026-02-25 03:02:18.006,0.0020095677646610466
2026-02-25 04:01:54.616,0.00045017707022878585
2026-02-25 05:01:35.300,0.001542567200631873
2026-02-25 06:02:32.067,-0.0006813920551676511
2026-02-25 07:02:30.681,-0.009706061991676401
2026-02-25 08:01:56.761,-0.0034309842933733796
2026-02-25 09:02:24.164,-0.000300173306427582
2026-02-25 10:02:26.137,-0.002407744164687908
2026-02-25 11:02:30.274,0.0008693965312911115
2026-02-25 12:00:35.874,0.000890810470730463
2026-02-25 13:00:42.600,0.002967888559377097
2026-02-25 14:00:37.200,0.0031287916738699413
2026-02-25 15:02:07.811,0.00802573365444071
2026-02-25 16:02:02.994,0.0063735216072758226
2026-02-25 17:02:21.812,0.009075036810629933
2026-02-25 18:02:26.969,0.0023753224228448278
2026-02-25 19:03:05.471,0.0013398370133573135
2026-02-25 20:02:31.934,0.00029217207738593213
2026-02-25 21:02:05.216,0.0022082692617434114
2026-02-25 22:00:08.740,0.0009881479481798515
2026-02-25 23:03:21.425,-0.002732978047398843
2026-02-26 00:04:32.937,-0.007542727591370419
2026-02-26 01:03:24.007,-0.012012843997174054
2026-02-26 02:03:49.150,-0.012171575726958744
2026-02-26 03:03:22.552,-0.013350848927167636
2026-02-26 04:03:07.119,-0.007425504144421979
2026-02-26 05:00:58.887,0.000187750223013183
2026-02-26 06:02:13.074,0.0005930081621192181
2026-02-26 07:03:28.907,-0.001076798308541765
2026-02-26 08:02:26.838,0.0007824770153206876
2026-02-26 09:02:48.684,0.0014855939812310928
2026-02-26 10:00:43.234,-0.0018116021941079197
2026-02-26 11:03:33.129,-0.004508991232221449
2026-02-26 12:03:51.946,-0.0021527984147556465
2026-02-26 13:03:33.369,-0.0028629056826485477
2026-02-26 14:04:25.380,-0.001650674470967345
2026-02-26 15:03:25.775,-0.004385435342692323
2026-02-26 16:03:25.163,0.002328713569896024
2026-02-26 17:03:06.616,-0.005491684640592553
2026-02-26 18:02:40.614,-0.004273700866242681
2026-02-26 19:03:03.361,-0.0035464538466472295
2026-02-26 20:02:55.766,-0.0008759271994535356
2026-02-26 21:01:08.759,-0.003964217085802391
2026-02-26 22:01:04.781,0.0062780589392918305
2026-02-26 23:01:31.766,0.006003615073604013
2026-02-27 00:01:21.869,0.0015178304445622125
2026-02-27 01:01:57.091,0.0011828929506601637
2026-02-27 02:02:59.419,0.0031185995957891065
2026-02-27 03:03:32.233,0.002486290576468475
2026-02-27 04:02:24.449,0.004111888653036422
2026-02-27 05:02:04.436,0.010050254111373984
2026-02-27 06:02:36.834,0.01492558317025146
2026-02-27 07:02:23.535,0.012908511435522019
2026-02-27 08:03:50.940,0.009944374063876937
2026-02-27 09:03:47.360,0.006060114488794566
2026-02-27 10:04:09.219,-0.00406147262788788
2026-02-27 11:03:21.681,-0.01566917403658319
2026-02-27 12:01:43.901,-0.01855598977266263
2026-02-27 13:01:55.431,-0.018479359155166842
2026-02-27 14:01:06.805,-0.01656643020913423
2026-02-27 15:02:02.471,-0.012724618610364946
2026-02-27 16:02:57.368,-0.005445612822495804
2026-02-27 17:03:38.514,-0.004383504760433777
2026-02-27 18:03:01.590,-0.004444864591498931
2026-02-27 19:00:03.596,-0.00588873921676673
2026-02-27 20:03:23.915,-0.006871177667997996
2026-02-27 21:04:17.399,-0.006108424735849023
2026-02-27 22:00:17.386,0.0005386425563462974
2026-02-27 23:02:43.507,0.00028032736669234004
2026-02-28 00:01:56.710,0.00385286913832919
2026-02-28 01:02:13.663,0.008932658526741338
2026-02-28 02:03:31.650,0.008717116554632266
2026-02-28 03:04:11.341,0.011098204085022295
2026-02-28 04:03:33.021,0.008802282261796319
2026-02-28 05:03:02.190,0.007827132312224334
2026-02-28 06:02:21.612,0.005234071116379396
2026-02-28 07:03:18.155,-0.004118573012696503
2026-02-28 08:03:33.236,-0.008100475727730781
2026-02-28 09:04:09.772,-0.00763594159938985
2026-02-28 10:03:05.065,-0.003746695042267934
2026-02-28 11:03:03.856,-0.000706988796622965
2026-02-28 12:03:06.416,0.00979430126443413
2026-02-28 13:03:03.133,0.005395840779437372
2026-02-28 14:03:32.017,0.013722029024316811
2026-02-28 15:03:17.551,0.004156963951281517
2026-02-28 16:02:19.379,0.0023483699163121315
2026-02-28 17:02:31.931,0.004945713035698085
2026-02-28 18:03:43.432,0.005535744200824594
2026-02-28 19:01:54.044,0.0012111925264995218
2026-02-28 20:02:41.713,0.006911445351577255
2026-02-28 21:03:04.432,0.007865692660857787
2026-02-28 22:02:51.111,0.003678041974921398
2026-02-28 23:01:17.276,0.006920867940789154
2026-03-01 00:01:47.784,0.0028253641538679153
2026-03-01 01:02:50.477,0.00012529907211960558
2026-03-01 02:03:27.826,-0.00082568397258318
2026-03-01 03:03:49.579,-0.0007292990466605314
2026-03-01 04:03:24.959,-0.0062389185546534165
2026-03-01 05:03:15.278,-0.008086231384400743
2026-03-01 06:01:22.974,-0.00474513098907684
2026-03-01 07:02:42.948,-0.009319144530348633
2026-03-01 08:03:01.753,-0.009338310282518187
2026-03-01 09:03:33.529,-0.00684890227844524
2026-03-01 10:03:48.681,-0.004197633560109638
2026-03-01 11:02:36.655,-0.005516205746879827
2026-03-01 12:03:39.864,-0.004878733329962387
2026-03-01 13:03:22.226,-0.0066396831782003845
2026-03-01 14:03:46.591,-0.0010133543770445119
2026-03-01 15:03:24.522,-0.0006523082148512771
2026-03-01 16:04:11.697,0.00024901266840232075
2026-03-01 17:03:50.410,0.0015889887024379103
2026-03-01 18:02:16.750,0.0011162492475391694
2026-03-01 19:02:39.851,-0.0022708289710065884
2026-03-01 20:02:02.170,-0.002210840490213978
2026-03-01 21:02:30.539,-0.006524197371615976
2026-03-01 22:03:19.954,7.363475398566854e-05
2026-03-01 23:03:08.524,0.00353802760005158
2026-03-02 00:03:24.968,0.0022360266066304424
2026-03-02 01:02:16.471,0.006242177218369332
2026-03-02 02:02:23.727,0.010036360290685099
2026-03-02 03:01:38.098,0.004995438231166477
2026-03-02 04:01:38.054,0.005453659115066683
2026-03-02 05:01:34.804,0.003511689113783018
2026-03-02 06:01:35.113,0.0010060982803987261
2026-03-02 07:01:33.802,-0.0008828945976744106
2026-03-02 08:01:03.796,-0.0014765284413826183
2026-03-02 09:01:54.655,-0.002449696193640111
2026-03-02 10:03:26.196,-0.000360040101865211
2026-03-02 11:02:43.590,-0.0008302290845613625
2026-03-02 12:04:11.591,0.0026569355092042612
2026-03-02 13:02:24.153,0.001761038735530668
2026-03-02 14:03:27.496,-0.0006965813013236899
2026-03-02 15:02:58.250,0.005455456359214289
2026-03-02 16:03:12.161,0.009468246976826168
2026-03-02 17:02:54.692,0.008961475192813522
2026-03-02 18:02:43.660,0.00871698601004065
2026-03-02 19:00:43.872,0.009351612600745397
2026-03-02 20:02:58.323,0.0027183692261128984
2026-03-02 21:02:18.294,-0.004111694770654345
2026-03-02 22:02:21.301,-0.005971522138487862
2026-03-02 23:02:32.139,-0.0005257811047218175
2026-03-03 00:03:46.360,-0.002771013776732634
2026-03-03 01:02:14.114,-0.004307630215582964
2026-03-03 01:57:37.365,-0.0033279256670187217
2026-03-03 02:03:33.263,-0.00383628989615864
2026-03-03 03:03:26.679,-0.007500777265683217
2026-03-03 04:03:00.748,-0.0033485160735617194
2026-03-03 05:03:09.381,-0.0039098900941563815
2026-03-03 06:02:11.613,-0.0044089947747207705
2026-03-03 07:02:25.766,-0.001989138527184614
2026-03-03 08:03:14.569,-0.0015481190834556178
2026-03-03 09:04:16.518,-0.0055250361403023415
2026-03-03 10:00:59.160,-0.004321638778636455
2026-03-03 11:00:47.290,-0.0009265174600210646
2026-03-03 12:02:28.336,-0.002078739057263285
2026-03-03 13:00:24.155,-0.002033253981706051
2026-03-03 14:00:29.894,0.0001381475377155439
2026-03-03 15:03:51.300,0.0031119930777423702
2026-03-03 16:02:58.775,0.002461945653530506
2026-03-03 17:02:22.250,0.004186378491645493
2026-03-03 18:03:32.221,0.0034867675507705533
2026-03-03 19:02:54.828,0.006098708684263493
2026-03-03 20:03:35.190,0.004265538227154792
2026-03-03 21:03:08.657,0.002082634333191169
2026-03-03 22:03:07.935,-0.0016281840719658937
2026-03-03 23:03:36.923,0.0016502231671668643
2026-03-04 00:02:05.877,0.0022668023169453043
2026-03-04 01:03:11.994,0.0026327313634099906
2026-03-04 02:04:10.988,0.005170418029426927
2026-03-04 03:03:12.675,0.0034520187919528933
2026-03-04 04:02:50.221,-0.0035091502592395794
2026-03-04 05:03:36.132,-0.006683133209100956
2026-03-04 06:04:24.873,-0.00435816187500126
2026-03-04 07:02:38.238,-0.0051041351041099135
2026-03-04 08:02:11.507,-0.0001982134666517032
2026-03-04 09:02:32.084,0.00842960184165516
2026-03-04 10:02:40.220,0.008956060923057875
2026-03-04 11:02:50.629,0.005104271022809892
2026-03-04 12:00:43.683,0.004373834760300033
2026-03-04 13:00:38.552,0.001947773485898213
2026-03-04 14:00:48.272,-0.0018941882842792024
2026-03-04 15:03:45.065,-0.002921953133571137
2026-03-04 16:04:21.798,0.0073724709623597725
2026-03-04 17:03:09.686,0.004270115046699119
2026-03-04 18:04:02.567,0.005730649819978429
2026-03-04 19:03:07.057,0.00473659801656171
2026-03-04 20:03:55.892,0.005766200081979423
2026-03-04 21:03:35.327,-0.008053865382661944
2026-03-04 22:01:53.001,-0.004442242446399574
2026-03-04 23:02:23.932,-0.0075515635631026815
2026-03-05 00:03:46.268,-0.010575115077202036
2026-03-05 01:01:56.789,-0.011697630193494119
2026-03-05 02:02:06.771,-0.0092740897585931
2026-03-05 03:01:39.034,-0.008257258679579611
2026-03-05 04:01:53.525,-0.006161956437975236
2026-03-05 05:03:07.193,-0.004385455206351341
2026-03-05 06:01:49.133,-0.003543482684445604
2026-03-05 07:00:17.610,0.0001720013579818103
2026-03-05 08:00:17.486,-0.0009175412390742933
2026-03-05 09:02:51.227,0.00210137942759821
2026-03-05 10:03:17.077,0.004869437490510858
2026-03-05 11:03:11.213,0.010523735688868547
2026-03-05 12:02:29.386,0.010194152829725073
2026-03-05 13:03:03.233,0.011528377721918753
2026-03-05 14:00:17.339,0.005338318432133205
2026-03-05 15:03:05.972,0.002502789546849904
2026-03-05 16:03:39.775,-0.00821932558902208
2026-03-05 17:00:14.673,-0.011772336730777783
2026-03-05 18:03:58.756,-0.016349237943395586
2026-03-05 19:03:45.529,-0.010494375241017212
2026-03-05 20:00:19.789,-0.009421041595626128
2026-03-05 21:00:20.484,-0.001549911365547235
2026-03-05 22:03:06.057,0.0005458235435484904
2026-03-05 23:02:36.835,0.0044561475320792025
2026-03-06 00:01:32.161,0.0006078129309978642
2026-03-06 01:03:12.448,0.00017395981745385591
2026-03-06 02:02:27.936,-0.001569354783695387
2026-03-06 03:02:03.186,0.0016661128525302439
2026-03-06 04:02:06.431,0.002163659026173659
2026-03-06 05:03:31.563,0.004630548166228726
2026-03-06 06:03:07.514,0.005985508883644469
2026-03-06 07:02:46.797,0.006346484086697806
2026-03-06 08:03:23.339,0.008826800714371679
2026-03-06 09:03:21.556,0.007124786287470003
2026-03-06 10:02:25.786,0.003868271196596334
2026-03-06 11:03:29.355,0.0021768588981002646
2026-03-06 12:02:02.698,-0.002625546132769552
2026-03-06 13:02:53.616,-0.009763485709671976
2026-03-06 14:03:39.020,-0.011251237452866408
2026-03-06 15:03:10.405,-0.011023693039892419
2026-03-06 16:03:11.879,-0.00818968988597551
2026-03-06 17:03:16.446,-0.006360329000124315
2026-03-06 18:03:08.817,-0.00649246953409079
2026-03-06 19:03:31.117,-0.0015104390752238906
2026-03-06 20:02:23.504,0.0021702289415835353
2026-03-06 21:02:41.839,0.001329842202113618
2026-03-06 22:01:42.336,0.002666528353698633
2026-03-06 23:02:35.844,0.0051871381305060695
2026-03-07 00:03:11.285,0.0012191919387020797
2026-03-07 01:02:12.662,-0.0005333024371139304
2026-03-07 02:01:51.593,-0.0020507613784537916
2026-03-07 03:01:46.010,-0.0006289519239356389
2026-03-07 04:00:46.518,-0.001328728167210475
2026-03-07 05:00:48.665,0.001233593248449477
2026-03-07 06:00:52.674,0.004349237233995706
2026-03-07 07:04:25.961,0.0035401381936300434
2026-03-07 08:03:47.031,0.002536090022319509
2026-03-07 09:02:37.042,0.0019291238508006678
2026-03-07 10:03:03.828,0.001429594561522918
2026-03-07 11:00:35.291,-0.0008655867341432757
2026-03-07 12:00:37.972,0.0009392488838089184
2026-03-07 13:00:43.736,-0.00020432130885111302
2026-03-07 14:00:35.754,0.002512333935491634
2026-03-07 15:00:42.018,0.0013057890564993182
2026-03-07 16:00:40.908,-9.945856702972544e-05
2026-03-07 17:00:32.118,-0.00014849324577391205
2026-03-07 18:00:38.873,0.001649779950839725
2026-03-07 19:03:16.524,-0.0009399422991951015
2026-03-07 20:02:14.497,-0.0038375133343189925
2026-03-07 21:03:25.254,-0.0018266365717161176
2026-03-07 22:02:44.841,-0.0016638194750429828
2026-03-07 23:02:36.830,-0.004419146588715772
2026-03-08 00:02:20.618,-0.0012626142737335363
2026-03-08 01:03:53.166,0.002054366958198023
2026-03-08 02:03:15.491,0.0007226747199497062
2026-03-08 03:02:27.932,-0.0014368809498188587
2026-03-08 04:03:04.310,0.002789682990246789
2026-03-08 05:02:10.834,0.0003672611461106533
2026-03-08 06:03:05.679,0.002225788416171748
2026-03-08 07:02:24.706,0.0010974275234118924
2026-03-08 08:02:55.798,0.004012774115135648
2026-03-08 09:02:55.643,0.003085226989237499
2026-03-08 10:02:44.046,0.005632527920599972
2026-03-08 11:02:45.333,0.005220910624542402
2026-03-08 12:02:12.012,0.004702122086285909
2026-03-08 13:03:23.546,0.0031651727526572915
2026-03-08 14:03:15.397,0.0012893860782559998
2026-03-08 15:03:25.282,-0.002029510527006284
2026-03-08 16:00:25.004,-0.005052244337377826
2026-03-08 17:00:28.931,-0.005159605406563805
2026-03-08 18:00:38.110,-0.003192837692525763
2026-03-08 19:00:37.515,-0.002778268926475125
2026-03-08 20:00:17.467,0.0015790145803188606
2026-03-08 21:04:12.559,0.002192188202085466
2026-03-08 22:02:39.347,0.004790692032368365
2026-03-08 23:03:13.836,0.003043163740380622
2026-03-09 00:03:20.877,0.0012584768047739225
2026-03-09 01:03:32.255,-0.0017843556499511804
2026-03-09 02:03:20.144,-0.0025965334584097553
2026-03-09 03:03:49.044,-0.0002672105555752424
2026-03-09 04:03:46.254,-0.0012807813391219225
2026-03-09 05:04:18.380,0.0017427421945515997
2026-03-09 06:01:15.012,0.0030679226213799204
2026-03-09 07:03:13.290,0.0021574808803588364
2026-03-09 08:02:31.025,0.0002294946411636911
2026-03-09 09:01:29.954,0.0012405355500710149
2026-03-09 10:02:33.907,0.002069233906106255
2026-03-09 11:04:00.027,-0.003095168012807231
2026-03-09 12:03:25.962,0.00033417899188842857
2026-03-09 13:03:49.614,-0.0013716579285387386
2026-03-09 14:03:28.318,-0.000190386987626423
2026-03-09 15:04:13.114,-0.001120687023043343
2026-03-09 16:03:48.120,0.0011214864447016025
2026-03-09 17:03:57.542,0.00029253151092852866
2026-03-09 18:03:59.745,0.0003014527070840211
2026-03-09 19:04:26.272,-0.0005376352249866046
2026-03-09 20:03:30.215,0.000925452960099993
2026-03-09 21:04:20.301,0.001508545620124835
2026-03-09 22:03:51.916,0.004404114589465042
2026-03-09 23:04:09.249,0.0009564744941218061
2026-03-10 00:03:49.486,-0.00018878738581522557
2026-03-10 01:03:38.812,-0.002762200843614815
2026-03-10 02:03:53.165,-0.0017421921148976336
2026-03-10 03:03:16.933,-0.003260793914880711
2026-03-10 04:04:34.007,0.0012426595716622578
2026-03-10 05:02:51.466,0.003253819323329954
2026-03-10 06:03:03.958,-0.0002573971418571408
2026-03-10 07:03:50.249,0.0010020981010362305
2026-03-10 08:03:24.743,0.0007795900836933822
2026-03-10 09:03:21.062,0.003937924510073243
2026-03-10 10:02:45.259,0.003185752614584903
2026-03-10 11:03:27.261,0.004653625719816573
2026-03-10 12:03:49.409,0.00333636415985677
2026-03-10 13:03:53.230,0.0025338244343515444
2026-03-10 14:03:25.307,-0.0024546984330067302
2026-03-10 15:04:19.529,2.038028280420016e-05
2026-03-10 16:04:31.020,0.0021615750370390817
2026-03-10 17:02:20.911,0.002372539438806071
2026-03-10 18:03:10.326,0.0003443798507601959
2026-03-10 19:00:24.598,-0.002115383224965939
2026-03-10 20:00:26.374,-0.007720633188677612
2026-03-10 21:03:38.407,-0.0054511941090109204
2026-03-10 22:03:14.820,-0.008546189562641327
2026-03-10 23:02:59.948,-0.007202275339241127
2026-03-11 00:04:28.689,-0.0012856249351169968
2026-03-11 01:03:18.297,0.0014909573457903944
2026-03-11 02:00:50.053,-0.00124363206060098
2026-03-11 03:03:52.157,0.0009675270508613665
2026-03-11 04:02:42.538,0.0007971449008152775
2026-03-11 05:02:49.309,0.000545535573457928
2026-03-11 06:02:58.581,-0.004030187887293474
2026-03-11 07:01:49.829,-0.0013394661557196708
2026-03-11 08:02:21.600,-0.0020568151750540277
2026-03-11 09:02:35.758,-0.002310241300572413
2026-03-11 10:02:38.293,-0.004130043064622818
2026-03-11 11:03:38.673,0.003467596269407719
2026-03-11 12:03:43.035,7.951015020759016e-05
2026-03-11 13:02:49.682,0.005216298706887051
2026-03-11 14:04:02.944,0.005355972564486128
2026-03-11 15:02:17.312,0.00502380225467422
2026-03-11 16:03:17.820,-0.0001613276922372009
2026-03-11 17:03:13.283,0.002343084441931964
2026-03-11 18:03:49.412,-0.0015510788065419613
2026-03-11 19:03:25.558,-0.00019668236075336414
2026-03-11 20:03:06.719,-0.0009715914855731699
2026-03-11 21:02:25.814,0.002403726871546286
2026-03-11 22:03:19.657,0.0009626039744185856
2026-03-11 23:03:07.506,-0.0002025545293666109
2026-03-12 00:02:38.684,-0.002515465768710495
2026-03-12 01:02:42.041,-0.0026065172537264535
2026-03-12 02:03:26.163,-0.0032706420048063513
2026-03-12 03:03:33.549,-0.006053162265463791
2026-03-12 04:02:44.395,-0.005428166378393329
2026-03-12 05:03:22.924,-0.004060880399637756
2026-03-12 06:02:28.565,-0.002921371996365646
2026-03-12 07:02:17.641,-0.0015903663666064494
2026-03-12 08:00:16.444,0.003147323096777421
2026-03-12 09:02:14.011,0.0054889478454114736
2026-03-12 10:02:02.780,0.0056904835205502935
2026-03-12 11:02:20.676,0.00638765343029516
2026-03-12 12:00:38.619,0.003138933253290027
2026-03-12 13:01:57.554,0.0010374099395722425
2026-03-12 14:00:20.482,-0.0002737890287934419
2026-03-12 15:00:04.869,-0.004271403579064264
2026-03-12 16:02:56.080,-0.0017628558234728865
2026-03-12 17:02:14.259,0.0014851419131381271
2026-03-12 18:00:55.306,0.002551547811178162
2026-03-12 19:01:08.658,0.0011745358332355793
2026-03-12 20:01:01.283,0.008217821243927958
2026-03-12 21:03:11.112,0.002516475986839217
2026-03-12 22:01:07.678,0.0014813445723275143
2026-03-12 23:00:14.626,-0.0012824630964799466
2026-03-13 00:00:17.974,0.0011792234039519844
2026-03-13 01:00:16.912,0.001017867552556667
2026-03-13 02:02:19.766,0.0053117989548277615
2026-03-13 03:01:30.098,0.003568801472769167
2026-03-13 04:03:17.343,0.00773272139295229
2026-03-13 05:01:01.968,0.004563353642706458
2026-03-13 06:02:14.726,0.001421978423470205
2026-03-13 07:02:04.919,-0.0016720475490847877
2026-03-13 08:02:32.366,-0.001239079833211171
2026-03-13 09:02:12.278,-0.0038018452552878116
2026-03-13 10:02:46.702,0.00012530312199078835
2026-03-13 11:03:23.450,-0.001249302019983206
2026-03-13 12:04:00.904,0.0008150269607745397
2026-03-13 13:03:58.577,0.0021763376945521714
2026-03-13 14:01:41.818,0.004967896140840606
2026-03-13 15:03:13.050,-0.0023393760303763054
2026-03-13 16:03:45.180,-0.0018962887895663141
2026-03-13 17:00:43.186,-0.004915508669605206
2026-03-13 18:02:37.772,-0.009674431679617563
2026-03-13 19:02:40.784,-0.013160561709126422
2026-03-13 20:03:15.397,-0.007750611020869031
2026-03-13 21:02:12.779,-0.006986780965367106
2026-03-13 22:02:23.586,-0.006472838284937754
2026-03-13 23:02:39.138,-0.003376507839164172
2026-03-14 00:02:32.399,-0.0031129660026552155
2026-03-14 01:03:48.223,-0.003220047580511859
2026-03-14 02:03:37.676,-0.002148826533927467
2026-03-14 03:03:13.830,0.0004570831269176845
2026-03-14 04:03:56.008,0.004290469175985306
2026-03-14 05:01:13.455,0.0044730907865119015
2026-03-14 06:03:58.928,0.00513618107214498
2026-03-14 07:03:40.580,0.0020221097866725433
2026-03-14 08:00:00.219,0.0005821999693590538
2026-03-14 09:00:04.644,-0.0023636483327651556
2026-03-14 10:01:26.690,-0.002123852038074964
2026-03-14 11:01:26.994,-0.00307084765032517
2026-03-14 12:02:37.740,0.0006563429825381384
2026-03-14 13:01:12.385,0.0023377505513088926
2026-03-14 14:02:54.252,0.0036043994626141105
2026-03-14 15:01:21.255,0.003494532890254526
2026-03-14 16:00:31.336,0.004245754330021106
2026-03-14 17:03:26.670,0.0037064687173747057
2026-03-14 18:02:06.381,0.0019152558450283297
2026-03-14 19:02:49.653,-0.0007883813165949771
2026-03-14 20:02:54.380,-0.0003614799533306512
2026-03-14 21:03:27.947,-0.0012682220311500015
2026-03-14 22:03:39.535,-0.0024941628462336997
2026-03-14 23:05:44.922,-0.0018144549493471882
2026-03-15 00:14:10.241,0.0022639136335165454
2026-03-15 01:12:46.958,0.002491090288928871
2026-03-15 02:13:31.780,0.005268765175265533
2026-03-15 03:12:28.975,0.006756996623521932
2026-03-15 04:13:37.871,0.00596457157086957
2026-03-15 05:09:49.950,0.0011322393742213776
2026-03-15 06:12:29.242,0.0006237686992920763
2026-03-15 07:13:12.328,-0.0034248541500271567
2026-03-15 08:02:53.033,-0.004872477721508628
2026-03-15 09:02:38.693,-0.0030247820977140627
2026-03-15 10:02:22.592,-0.0017473321802782662
2026-03-15 11:02:41.643,0.0012280009642417766
2026-03-15 12:02:38.156,0.0023940856118486566
2026-03-15 13:01:44.641,0.0021191161365478996
2026-03-15 14:01:58.709,-0.0011039586191787854
2026-03-15 15:02:13.807,0.000517953652595682
2026-03-15 16:03:18.263,-0.002631404937756171
2026-03-15 17:01:58.759,-0.004331032377912819
2026-03-15 18:01:51.582,-0.002521875534972506
2026-03-15 19:02:28.752,-0.00037464839940634653
2026-03-15 20:02:19.490,-0.0002067805543136958
2026-03-15 21:02:44.405,0.0004001672177196714
2026-03-15 22:02:46.187,0.003932345100352852
2026-03-15 23:03:05.079,0.003338574385697934
2026-03-16 00:02:28.677,0.0021552532672039436
2026-03-16 01:02:22.427,0.002030011716618702
2026-03-16 02:02:03.735,0.0016066108692117276
2026-03-16 03:03:49.819,-0.00010909131437535362
2026-03-16 04:04:28.023,0.0006632871473080115
2026-03-16 05:04:09.969,0.005963941322942512
2026-03-16 06:04:15.556,0.009354728647235817
2026-03-16 07:04:22.681,0.007920820211404916
2026-03-16 08:03:42.615,0.010946007199572377
2026-03-16 09:01:57.260,0.00646051769168296
2026-03-16 10:01:40.506,0.005651805926572346
2026-03-16 11:01:52.212,0.0017148012984876384
2026-03-16 12:02:50.494,0.004531844833979903
2026-03-16 13:02:43.668,0.0017143726687910317
2026-03-16 14:02:43.428,-0.0013625892132381962
2026-03-16 15:02:37.480,-0.008610406200910853
2026-03-16 16:02:37.182,-0.012364451529803477
2026-03-16 17:00:55.458,-0.009408342067353092
2026-03-16 18:03:31.185,-0.01205693649955178
2026-03-16 19:02:21.907,-0.0023334522855901264
2026-03-16 20:02:43.847,-0.00028095551005692405
2026-03-16 21:03:34.146,0.004163714832210763
2026-03-16 22:03:26.375,-0.0019124671550824314
2026-03-16 23:00:07.163,0.006641894202567798
2026-03-17 00:00:04.177,0.011054336582077972
2026-03-17 01:00:13.822,0.01480580711709315
2026-03-17 02:02:59.202,0.013864145274350904
2026-03-17 03:04:19.293,0.013640802266848107
2026-03-17 04:03:11.752,0.001692639982190363
2026-03-17 05:02:13.479,-0.009403136314679046
2026-03-17 06:02:55.811,-0.011885818060406006
2026-03-17 07:03:28.383,-0.013253953716100707
2026-03-17 08:02:50.801,-0.005398915683687866
2026-03-17 09:03:18.185,-0.003105756536083748
2026-03-17 10:03:15.506,-0.004278288184721363
2026-03-17 11:02:56.567,-0.005369433511353461
2026-03-17 12:03:52.624,-0.005424492793407016
2026-03-17 13:02:15.857,-0.01398460680893367
2026-03-17 14:02:10.653,-0.012198850436772067
2026-03-17 15:02:17.500,-0.008695416111631327
2026-03-17 16:03:43.688,-0.00731116227539424
2026-03-17 17:03:42.307,-0.002606512009890577
2026-03-17 18:03:33.331,0.004368426252743225
2026-03-17 19:02:29.298,0.009345875133769095
2026-03-17 20:02:45.204,0.008561240424786532
2026-03-17 21:04:01.330,0.011173701990882233
2026-03-17 22:02:34.207,0.011000640699391462
2026-03-17 23:02:31.068,0.00034527419636826156
2026-03-18 00:04:06.606,-0.006265414369849565
2026-03-18 01:03:07.626,-0.0009205669796760296
2026-03-18 02:02:44.108,0.0005918357444288868
2026-03-18 03:03:05.376,-0.00613149736117361
2026-03-18 04:02:24.923,0.0035359413701561487
2026-03-18 05:02:58.306,0.0075900171203115265
2026-03-18 06:02:08.758,0.00018740250010855215
2026-03-18 07:01:04.378,-0.0016823933882871899
2026-03-18 08:01:06.634,-0.003730983523982867
2026-03-18 09:01:00.014,-0.0070196551509614895
2026-03-18 10:02:56.231,-0.005759789686436544
2026-03-18 11:02:17.114,-0.0021811915821893014
2026-03-18 12:02:32.940,-0.010961794059808783
2026-03-18 13:02:28.677,-0.010331316900708215
2026-03-18 14:03:07.141,-0.01030201237543294
2026-03-18 15:02:46.851,-0.01490338856770449
2026-03-18 16:00:08.019,-0.009196852403235438
2026-03-18 17:02:28.846,0.001784000671537317
2026-03-18 18:02:03.444,0.011635562165570084
2026-03-18 19:03:17.071,0.008822856017607733
2026-03-18 20:01:30.028,0.01096592407238901
2026-03-18 21:01:27.621,0.009366154608300826
2026-03-18 22:03:48.541,0.010841793591575877
2026-03-18 23:03:23.605,0.0026508262817996563
2026-03-19 00:02:50.516,0.00770839444631839
2026-03-19 01:04:26.132,0.009386685420010017
2026-03-19 02:03:19.214,0.0011438687603590016
2026-03-19 03:03:46.878,-0.012030254917531092
2026-03-19 04:03:08.333,-0.004247525331046437
2026-03-19 05:03:18.621,-0.01178149861665957
2026-03-19 06:02:31.913,-0.010630132400733678
2026-03-19 07:02:58.754,-0.00882487303554826
2026-03-19 08:02:59.112,-0.008024746896525154
2026-03-19 09:02:50.713,-0.01148100227219927
2026-03-19 10:02:53.111,-0.002568591742788584
2026-03-19 11:03:04.311,-0.0030345772698577244
2026-03-19 12:03:50.654,-0.002084061543849458
2026-03-19 13:02:42.031,0.00422052811622532
2026-03-19 14:00:36.839,0.005814137309197442
2026-03-19 15:02:27.442,0.0015797646213818962
2026-03-19 16:02:45.188,0.001292015739003738
2026-03-19 17:02:45.026,-0.0002395620350876754
2026-03-19 18:03:20.073,0.00516449316452911
2026-03-19 19:02:00.480,0.0037417148357126733
2026-03-19 20:01:53.442,0.010181497562742624
2026-03-19 21:01:15.337,0.00878667129383396
2026-03-19 22:02:52.102,0.01585426968768964
2026-03-19 23:02:43.536,0.009180230033299885
2026-03-20 00:02:25.931,0.006530038080071443
2026-03-20 01:02:30.897,0.0020638039885788103
2026-03-20 02:02:25.455,0.0010038784911784503
2026-03-20 03:01:43.255,-0.0024636360145999514
2026-03-20 04:01:44.148,-0.0010144211346507727
2026-03-20 05:01:42.984,-0.001055327933781003
2026-03-20 06:01:55.998,-0.0001742042500416873
2026-03-20 07:03:17.625,-0.0013115311315186507
2026-03-20 08:03:44.632,0.0025758701477234416
2026-03-20 09:03:43.949,0.0028312270826870824
2026-03-20 10:04:01.471,0.0002134453440135074
2026-03-20 11:03:42.267,-0.0054538392054845454
2026-03-20 12:00:25.435,-0.00402684407240218
2026-03-20 13:01:54.688,-0.012390991064553915
2026-03-20 14:02:03.210,-0.010734463298621766
2026-03-20 15:01:56.579,-0.005798517418195892
2026-03-20 16:04:05.980,-0.0023767650800622262
2026-03-20 17:03:42.694,8.749395167816364e-05
2026-03-20 18:02:41.211,0.00044639975282007027
2026-03-20 19:02:44.541,-0.004391118715413089
2026-03-20 20:02:14.129,-0.001930461106417425
2026-03-20 21:01:03.169,-0.0035304695247495572
2026-03-20 22:00:49.247,0.00020531910411157318
2026-03-20 23:00:58.990,0.004220366501729206
2026-03-21 00:01:10.393,0.007283566791104291
2026-03-21 01:01:09.031,0.006363268241865166
2026-03-21 02:01:10.945,0.00793586416292501
2026-03-21 03:02:34.335,0.0013088050141033315
2026-03-21 04:02:29.143,-0.00037497640885224585
2026-03-21 05:02:54.939,-1.2956787938844978e-05
2026-03-21 06:08:02.780,-0.0036665108072766964
2026-03-21 07:04:55.915,-0.002073271953851025
2026-03-21 08:05:14.869,-0.0026548307986765164
2026-03-21 09:04:35.765,0.0024913921622305105
2026-03-21 10:02:51.813,0.00497383603969479
2026-03-21 11:03:05.996,0.002396084377053348
2026-03-21 12:03:04.218,0.0015688221599403694
2026-03-21 13:05:31.712,0.0017376893621483037
2026-03-21 14:04:58.362,-0.002298531499556428
2026-03-21 15:05:56.854,-0.0051627930887487294
2026-03-21 16:06:57.214,-0.0008398006010204684
2026-03-21 17:03:00.808,-0.0025502558408288913
2026-03-21 18:02:41.041,-0.0006525789355055822
2026-03-21 19:03:35.217,1.8841533458130444e-05
2026-03-21 20:03:21.989,-0.00024395222025205832
2026-03-21 21:03:33.758,0.0013196819588104313
2026-03-21 22:03:37.628,0.0017525651044454748
2026-03-21 23:04:36.338,-0.0005633851110136701
2026-03-22 00:05:45.490,-0.008819568124173217
2026-03-22 01:07:37.409,-0.011048369299832396
2026-03-22 02:05:59.653,-0.012196572064403048
2026-03-22 03:05:23.477,-0.008690080240954651
2026-03-22 04:05:40.532,-0.004311215054225798
2026-03-22 05:05:21.671,0.006329836713268051
2026-03-22 06:07:21.643,0.008676859433494439
2026-03-22 07:05:22.085,0.007031942276517749
2026-03-22 08:05:42.112,0.0035069080837745793
2026-03-22 09:06:00.096,0.001440197121980763
2026-03-22 10:05:09.125,-0.0011696527925338816
2026-03-22 11:05:56.315,-0.0008551369288677946
2026-03-22 12:07:13.520,9.030552743112281e-05
2026-03-22 13:02:57.632,0.0032313306965532414
2026-03-22 14:03:03.177,0.003787638855358616
2026-03-22 15:02:59.224,0.004895707018278166
2026-03-22 16:02:53.265,0.006638953240291812
2026-03-22 17:03:19.613,0.005377347719031528
2026-03-22 18:03:52.812,0.0025764317782325575
2026-03-22 19:02:19.007,-0.000746825198655837
2026-03-22 20:03:47.242,-0.0030289346320306666
2026-03-22 21:02:48.239,-0.0045246601443336976
2026-03-22 22:02:52.606,-0.004098253922681227
2026-03-22 23:02:26.723,-0.0022440338090486843
2026-03-23 00:02:53.636,-0.0011979264216640808
2026-03-23 01:02:34.383,0.0012066426084142601
2026-03-23 02:03:15.882,0.0005296857623180328
2026-03-23 03:02:48.613,0.003230846340006538
2026-03-23 04:02:46.213,-0.0004114600667678214
2026-03-23 05:02:45.051,0.004631429458236713
2026-03-23 06:02:47.870,0.0030097165320124796
2026-03-23 07:03:34.462,0.0010295531164232208
2026-03-23 08:03:33.105,-0.002526285898139108
2026-03-23 09:03:27.422,-0.0026458514665428697
2026-03-23 10:03:26.447,-0.006858936724166249
2026-03-23 11:03:22.462,-0.006685561689364578
2026-03-23 12:03:37.869,0.0006829900516238607
2026-03-23 13:03:33.025,0.005862051513522859
2026-03-23 14:03:33.035,0.01043473117651481
2026-03-23 15:03:34.009,0.007014198285636502
2026-03-23 16:03:32.451,0.0007039073236364823
2026-03-23 17:04:36.113,-0.007010153149654342
2026-03-23 18:03:18.858,-0.009938095327788315
2026-03-23 19:04:32.039,-0.009293130198874304
2026-03-23 20:04:30.330,-0.0062256419054168175
2026-03-23 21:03:40.407,0.0012477679208075076
2026-03-23 22:01:33.354,0.003467403282061093
2026-03-23 23:00:57.879,0.0007949124529791794
2026-03-24 00:04:16.976,-0.003222750436030886
2026-03-24 01:04:24.339,-0.001092686727877734
2026-03-24 02:04:16.630,-0.0018594461214485659
2026-03-24 03:04:06.770,-0.0004564923412677391
2026-03-24 04:04:03.479,0.0007337114231782181
2026-03-24 05:03:56.838,0.0020405487094890817
2026-03-24 06:02:10.631,0.0008489957388900182
2026-03-24 07:01:52.424,0.0032974534637048416
2026-03-24 08:01:55.746,0.005581051272202525
2026-03-24 09:01:54.463,0.007067698106243142
2026-03-24 10:02:06.871,0.007113667505538729
2026-03-24 11:02:00.694,0.006563308168530724
2026-03-24 12:02:34.929,0.003586601120845101
2026-03-24 13:02:20.178,-0.001796463556042177
2026-03-24 14:00:01.746,-0.004082859234943448
2026-03-24 15:00:00.210,-0.0044418776767875985
2026-03-24 16:01:43.711,-0.0028369828598044547
2026-03-24 17:02:14.650,-0.002467668436574799
2026-03-24 18:01:27.884,-0.003308680731005703
2026-03-24 19:01:33.319,-0.0005721501051277777
2026-03-24 20:00:52.186,-0.0009316890261207023
2026-03-24 21:02:28.187,0.004959819350559863
2026-03-24 22:01:59.187,0.005372791492371943
2026-03-24 23:01:19.785,0.008867759227275174
2026-03-25 00:01:59.827,0.00964783028824263
2026-03-25 01:02:08.036,0.009863655718921848
2026-03-25 02:02:19.730,0.0024798762426420148
2026-03-25 03:02:07.057,9.261505236363154e-06
2026-03-25 04:02:10.692,0.002321995961048456
2026-03-25 05:00:28.423,0.001388597915762829
2026-03-25 06:01:33.233,0.0016658857746242924
2026-03-25 07:01:17.031,0.0010854936219578393
2026-03-25 08:01:18.518,0.0018977736825411822
2026-03-25 09:01:27.682,-0.00016831722816271774
2026-03-25 10:01:20.664,-0.003148634000162981
2026-03-25 11:01:35.918,-0.0035478947985834283
2026-03-25 12:01:28.725,-0.003670766862112296
2026-03-25 13:02:14.135,-0.0004620554493970251
2026-03-25 14:02:35.318,-0.0029498344011479162
2026-03-25 15:02:59.479,-0.0027487030622824144
2026-03-25 16:03:58.854,-0.004196879698526712
2026-03-25 17:03:53.214,-0.003220648994086861
2026-03-25 18:03:30.102,-0.006539683923489021
2026-03-25 19:03:35.932,-0.006203721678342288
2026-03-25 20:03:22.411,-0.005673747512156407
2026-03-25 21:04:32.124,-0.002201583918435107
2026-03-25 22:03:28.488,-0.0034070268863397534
2026-03-25 23:03:44.993,-0.0014795862412602724
2026-03-26 00:04:31.555,6.499668510127064e-05
2026-03-26 01:03:43.309,0.00098591391027677
2026-03-26 02:03:15.945,-0.00036001799852847797
2026-03-26 03:04:44.454,-0.0021449389933478336
2026-03-26 04:04:43.332,-0.0039057175836121785
2026-03-26 05:04:35.829,-0.003694057673461004
2026-03-26 06:04:27.259,-0.006180606527387383
2026-03-26 07:04:27.498,-0.005814314206781573
2026-03-26 08:02:45.893,-0.001206314107436185
2026-03-26 09:03:19.865,-0.001225115637374302
2026-03-26 10:04:05.458,-0.0027173018863345553
2026-03-26 11:03:02.995,0.0008207537355750527
2026-03-26 12:03:35.301,-3.76206921062828e-05
2026-03-26 13:02:44.434,-0.0016075402653302649
2026-03-26 14:02:32.499,0.0004568719629009896
2026-03-26 15:01:19.759,0.001961832713384476
2026-03-26 16:01:33.557,0.002456068659468064
2026-03-26 17:03:01.847,0.0009727829749963113
2026-03-26 18:03:09.490,-0.0002976788866788649
2026-03-26 19:03:57.422,-0.0006424225811784701
2026-03-26 20:03:37.934,-0.00036731437447774535
2026-03-26 21:03:40.043,0.003259121893741712
2026-03-26 22:02:48.806,0.006269044925331851
2026-03-26 23:03:01.568,0.007550688862042165
2026-03-27 00:02:58.891,0.0036664845350392996
2026-03-27 01:02:41.434,0.0038935644004609417
2026-03-27 02:03:01.664,-0.0018726235337991615
2026-03-27 03:04:03.201,-0.0036361807021825896
2026-03-27 04:02:38.688,-0.003540436527727631
2026-03-27 05:02:28.840,-0.0009030434229514274
2026-03-27 06:02:34.259,-0.0003791268803607472
2026-03-27 07:02:37.183,-0.0006151197326197508
2026-03-27 08:02:28.546,0.0019772600556408173
2026-03-27 09:02:38.255,0.00039747287712384996
2026-03-27 10:02:33.725,0.0014110925393424735
2026-03-27 11:02:36.743,-0.0020192014824031933
2026-03-27 12:02:53.648,0.0008246063953584515
2026-03-27 13:02:35.928,-0.0004734327345647548
2026-03-27 14:02:45.010,-6.535907370792688e-05
2026-03-27 15:02:35.631,-0.0002605667652163079
2026-03-27 16:02:38.375,0.0027597823742833093
2026-03-27 17:02:42.498,-0.0014107565860181975
2026-03-27 18:02:56.119,-0.002675738031748165
2026-03-27 19:02:25.698,0.000967531246148312
2026-03-27 20:02:42.368,0.00134954132154394
2026-03-27 21:02:35.293,-0.0007342009025691821
2026-03-27 22:02:45.942,0.0018900337813934852
2026-03-27 23:02:52.708,-0.00040125315505311083
2026-03-28 00:02:57.999,-0.0004895297423862801
2026-03-28 01:02:52.888,-0.0013745048341849866
2026-03-28 02:02:34.949,-0.00015044206346185316
2026-03-28 03:02:48.121,-0.0010446091551888025
2026-03-28 04:02:40.605,0.00210762496174014
2026-03-28 05:02:42.545,0.0002578306973215984
2026-03-28 06:02:51.070,-0.00014005604051964813
2026-03-28 07:02:42.014,0.0008665299084718191
2026-03-28 08:02:52.311,0.0036892910898976674
2026-03-28 09:02:45.038,0.006200572909545115
2026-03-28 10:03:04.211,0.006030689583581139
2026-03-28 11:02:35.648,0.006327558858968362
2026-03-28 12:02:31.140,0.005028762519050916
2026-03-28 13:02:40.434,0.003478100163246384
2026-03-28 14:02:43.950,0.001800878833650266
2026-03-28 15:02:49.856,-0.000990005084098744
2026-03-28 16:02:47.253,0.00022563365683174745
2026-03-28 17:02:47.283,0.00046527983345642787
2026-03-28 18:01:43.107,-0.0017183522315290245
2026-03-28 19:02:00.993,-0.0034586429498942193
2026-03-28 20:02:10.857,-0.0010713821413776638
2026-03-28 21:02:18.702,-0.002215834766821023
2026-03-28 22:02:12.024,-0.0032501813988564275
2026-03-28 23:02:19.975,-0.00183650960117413
2026-03-29 00:02:32.865,-0.00444940877174575
2026-03-29 01:01:49.485,-0.00429161242715585
2026-03-29 02:03:01.120,-0.004430708069022654
2026-03-29 03:04:04.113,-0.002246210592144998
2026-03-29 04:03:06.140,-0.0006843561806048115
2026-03-29 05:04:12.162,0.002184082374256774
2026-03-29 06:02:59.312,0.0020656060514765654
2026-03-29 07:02:54.909,0.0007434166056134173
2026-03-29 08:03:38.555,-0.001006740135120987
2026-03-29 09:01:23.665,-0.0018242752146311104
2026-03-29 10:01:31.784,-0.0006791375070028969
2026-03-29 11:01:28.082,-0.001387874137505274
2026-03-29 12:03:07.707,0.0009225801465618132
2026-03-29 13:01:23.457,0.00016229652992026406
2026-03-29 14:01:29.982,-0.0012865033037868679
2026-03-29 15:00:39.918,-0.0009649851001861998
2026-03-29 16:00:55.197,0.00048436529087049214
2026-03-29 17:00:15.258,-0.0007283743690282285
2026-03-29 18:00:09.856,0.00039801119446921654
2026-03-29 19:02:27.762,0.0019193972442218487
2026-03-29 20:03:17.027,0.0002618747097145491
2026-03-29 21:03:13.146,0.001660985762893008
2026-03-29 22:02:19.559,0.0025813969060505594
2026-03-29 23:02:26.677,-0.000611761148641421
2026-03-30 00:02:11.219,-0.0032672328008707396
2026-03-30 01:03:18.576,-0.0002678348356975279
2026-03-30 02:03:41.728,-0.00020068369476721186
2026-03-30 03:02:37.505,-0.00013681951484144085
2026-03-30 04:02:42.867,0.005884127107522802
2026-03-30 05:02:23.537,0.010403101949479404
2026-03-30 06:03:11.463,0.007547147920264553
2026-03-30 07:02:33.693,0.004100345781588871
2026-03-30 08:02:30.088,0.0033161421052035067
2026-03-30 09:03:13.448,0.0017601187201419176
2026-03-30 10:01:58.644,-0.0018694158672546203
2026-03-30 11:00:26.456,-0.0018877169065929177
2026-03-30 12:00:38.843,-0.0011107718922948927
2026-03-30 13:00:36.142,-0.0020791201920190017
2026-03-30 14:02:54.142,-0.003893369899002669
2026-03-30 15:01:24.867,-0.001228157052960016
2026-03-30 16:02:55.758,-0.0009494124040979325
2026-03-30 17:02:41.536,-0.002492073291801544
2026-03-30 18:02:34.985,-0.004119600826257186
2026-03-30 19:03:07.003,-0.0045171408045608374
2026-03-30 20:02:23.221,-0.00600772221483748
2026-03-30 21:02:51.519,-0.005704400231030166
2026-03-30 22:02:06.330,-0.0010635169465794403
2026-03-30 23:01:13.402,0.0024864972425858336
2026-03-31 00:02:45.587,0.004119013734356546
2026-03-31 01:03:40.704,0.0052332864987229225
2026-03-31 02:03:47.026,0.006054681583752031
2026-03-31 03:03:05.352,0.0025176182329570917
2026-03-31 04:01:51.725,0.0002855464526326457
2026-03-31 05:01:59.103,0.0006128498952484573
2026-03-31 06:02:17.342,-0.00016992137117916584
2026-03-31 07:01:54.672,-0.0024453791089690813
2026-03-31 08:02:13.196,-0.0035170498493641844
2026-03-31 09:02:34.699,-0.0018861900526589816
2026-03-31 10:02:43.420,-0.005234743334502268
2026-03-31 11:02:18.738,-0.0050499605681071594
2026-03-31 12:02:38.333,-0.005079451968787308
2026-03-31 13:02:05.831,-0.002923018583467568
2026-03-31 14:02:33.694,0.0003610114597983604
2026-03-31 15:03:00.933,0.00116363242513971
2026-03-31 16:02:21.181,0.0004688532101892518
2026-03-31 17:03:00.633,0.004864179102300287
2026-03-31 18:03:18.754,0.004500590382661463
2026-03-31 19:02:55.788,0.0031778343517417707
2026-03-31 20:02:53.576,0.006919018296305057
2026-03-31 21:02:34.420,0.00633301536437042
2026-03-31 22:02:21.047,0.0022853744103126907
2026-03-31 23:03:04.617,0.0029950646375889564
2026-04-01 00:03:03.820,0.001644675551166219
2026-04-01 01:03:22.749,0.0014521977851474023
2026-04-01 02:03:08.371,-0.00027858063983769997
2026-04-01 03:02:25.298,-0.0014311502352446325
2026-04-01 04:03:12.250,0.00031830566992553937
2026-04-01 05:03:26.503,-0.0018162639551530411
2026-04-01 06:02:38.018,0.00014005941354084403
2026-04-01 07:03:32.815,0.004152161036033691
2026-04-01 08:01:26.048,0.004500751873839071
2026-04-01 09:02:05.674,7.522850872214177e-05
2026-04-01 10:01:19.403,-0.0002327693397102316
2026-04-01 11:00:11.272,-0.004332312018698941
2026-04-01 12:02:09.873,-0.005354641529641474
2026-04-01 13:02:09.892,-0.002727765456870457
2026-04-01 14:02:16.234,-0.0016461795016747991
2026-04-01 15:02:43.489,0.00035026502917801525
2026-04-01 16:02:19.803,0.0002915773187152637
2026-04-01 17:03:08.025,0.000603393877629166
2026-04-01 18:03:19.847,-0.01094040830266797
2026-04-01 19:03:40.180,-0.010081624849728122
2026-04-01 20:03:02.662,-0.008626145573597166
2026-04-01 21:03:30.836,-0.00894488245140907
2026-04-01 22:02:59.395,-0.005252748134903834
2026-04-01 23:02:18.469,0.009387049036301725
2026-04-02 00:02:26.736,0.007650263026626081
2026-04-02 01:01:56.868,0.007071564729367763
2026-04-02 02:00:53.455,0.0028662756679611436
2026-04-02 03:02:17.341,-0.006609860006720912
2026-04-02 04:03:33.650,-0.009801734424835996
2026-04-02 05:02:04.147,-0.008212633808150549
2026-04-02 06:03:22.119,-0.012438578542436258
2026-04-02 07:03:10.579,-0.004906536595029714
2026-04-02 08:03:22.517,-0.0003466724882378921
2026-04-02 09:02:37.597,0.003271234736366824
2026-04-02 10:00:20.472,0.0048256176324179886
2026-04-02 11:03:49.054,0.0066279003405251505
2026-04-02 12:02:10.011,0.006054593673526686
2026-04-02 13:03:07.672,0.0052597260556068726
2026-04-02 14:03:25.571,0.00083557162583206
2026-04-02 15:03:01.116,0.004278386908682936
2026-04-02 16:03:43.719,0.0027933508053116286
2026-04-02 17:02:40.031,0.0012678014424748086
2026-04-02 18:03:06.013,0.001750432748652947
2026-04-02 19:01:19.506,0.0046808832893174114
2026-04-02 20:01:26.085,0.00011210296264663189
2026-04-02 21:01:46.778,0.004952928921328448
2026-04-02 22:03:53.442,0.0019134134002545653
2026-04-02 23:03:29.954,0.0027296745174397842
2026-04-03 00:03:06.895,7.704741884043687e-05
2026-04-03 01:00:09.403,-0.0008339760144048414
2026-04-03 02:00:11.451,-0.002250271221381517
2026-04-03 03:03:52.374,0.0009819109564459193
2026-04-03 04:03:06.236,0.00189756489435049
2026-04-03 05:02:07.998,0.0025232439730435985
2026-04-03 06:02:39.261,0.0024453373504755072
2026-04-03 07:02:21.976,0.003370348899578657
2026-04-03 08:02:46.515,0.0027049902275769807
2026-04-03 09:02:14.923,0.005660399859143933
2026-04-03 10:02:54.626,0.0038545469951077552
2026-04-03 11:02:38.002,0.00448812795899468
2026-04-03 12:01:58.271,0.0021840939560404003
2026-04-03 13:01:53.515,0.001568342368933895
2026-04-03 14:01:35.030,-0.0041178175416093695
2026-04-03 15:01:40.593,-0.0018416936570607944
2026-04-03 16:01:55.523,-0.003841744066894698
2026-04-03 17:03:20.691,-0.0034153055543501842
2026-04-03 18:01:20.170,-0.004283118956877141
2026-04-03 19:03:02.452,-0.005138125935407268
2026-04-03 20:02:30.113,-0.006712627102789642
2026-04-03 21:04:17.989,-0.0038123817448703357
2026-04-03 22:04:20.965,-0.00369463354438227
2026-04-03 23:04:11.913,-0.002745621843860374
2026-04-04 00:04:33.038,-0.0009413575441508004
2026-04-04 01:04:30.085,-0.0010317372359894827
2026-04-04 02:09:38.819,-0.0022701706394274157
2026-04-04 03:28:04.560,-0.0038910621750966766
2026-04-04 04:26:26.768,-0.002054712142197246
2026-04-04 05:24:23.247,-0.00040721083885904025
2026-04-04 06:29:36.108,0.00018790256720891958
2026-04-04 07:36:15.152,0.0031654773479363185
2026-04-04 08:45:45.840,0.004111077628424447
2026-04-04 09:49:43.511,0.003132057942215721
2026-04-04 10:50:31.826,0.0031609573684386605
2026-04-04 11:03:01.990,0.0025265691168202707
2026-04-04 12:03:28.747,0.0013365792064304217
2026-04-04 13:03:01.122,0.0025984349449957537
2026-04-04 14:02:39.903,0.0029219847095582727
2026-04-04 15:00:45.526,0.001876409855422656
2026-04-04 16:03:14.832,0.002947877998220871
2026-04-04 17:02:26.906,0.0004166489650742899
2026-04-04 18:02:33.179,0.0018873837963661322
2026-04-04 19:02:05.708,0.0024848633718998646
2026-04-04 20:01:53.742,0.002306881500989122
2026-04-04 21:02:37.487,-0.0002698791096665043
2026-04-04 22:02:18.112,0.00033548190070368253
2026-04-04 23:02:12.750,-0.0017951253695622726
2026-04-05 00:01:41.823,-0.0038204350039528325
2026-04-05 01:00:15.453,-0.003901447211903003
2026-04-05 02:02:07.995,-0.0025272494562485594
2026-04-05 03:02:59.739,-0.002327412251636757
2026-04-05 04:02:33.591,-0.002776209260057233
2026-04-05 05:00:38.721,-0.0027747489505507757
2026-04-05 06:00:42.726,-0.0032496487399572616
2026-04-05 07:00:37.164,-0.0025659076026627314
2026-04-05 08:03:18.565,-0.002135431708555147
2026-04-05 09:04:11.962,-0.0015141191013227752
2026-04-05 10:03:22.621,0.0014185434696018739
2026-04-05 11:03:00.722,0.0022637832269425673
2026-04-05 12:03:58.431,0.003851534339185775
2026-04-05 13:04:13.013,0.0015046041228958642
2026-04-05 14:03:58.885,0.0021360160888371726
2026-04-05 15:04:13.511,-0.00029738754426016914
2026-04-05 16:04:26.972,0.0010469232980365672
2026-04-05 17:04:20.720,-0.0018557968092446585
2026-04-05 18:03:46.657,0.001927252652530187
2026-04-05 19:02:51.249,-8.631189506166361e-05
2026-04-05 20:02:56.301,-0.0012462522359727559
2026-04-05 21:01:57.341,-0.0014507317015665434
2026-04-05 22:01:44.585,-0.0009210933295783596
2026-04-05 23:01:49.934,0.0010484896263456556
2026-04-06 00:03:32.278,0.006221499123026063
2026-04-06 01:03:41.500,0.008586469323839292
2026-04-06 02:02:15.405,0.0073065148768589605
2026-04-06 03:08:16.237,0.010969881646025066
2026-04-06 04:02:49.454,0.007632458136325198
2026-04-06 05:02:08.862,0.0017072945212480593
2026-04-06 06:02:01.011,-0.0013994333855088192
2026-04-06 07:00:41.995,-0.0018682492893486004
2026-04-06 08:03:28.368,-0.005447077416785684
2026-04-06 09:03:11.964,-0.005493443529391911
2026-04-06 10:03:20.194,-0.002924240615293577
2026-04-06 11:03:50.677,0.0029566769002082266
2026-04-06 12:04:19.506,0.0038085589947620293
2026-04-06 13:02:36.709,0.004284711997376279
2026-04-06 14:03:53.645,0.0025560138220513612
2026-04-06 15:04:29.587,0.0003916453582995024
2026-04-06 16:04:24.429,-0.004001751205023935
2026-04-06 17:04:10.029,-0.004589342260183366
2026-04-06 18:04:26.878,-0.009300066251326561
2026-04-06 19:04:27.441,-0.006882698047745922
2026-04-06 20:03:06.839,-0.006420988930984334
2026-04-06 21:04:04.924,-0.007076833226412261
2026-04-06 22:04:16.968,-0.007489037578666547
2026-04-06 23:02:35.342,-0.004684002916867397
2026-04-07 00:03:34.603,-0.0057511002251839135
2026-04-07 01:03:26.595,-0.004336472896699239
2026-04-07 02:03:25.893,-0.004679905306940557
2026-04-07 03:03:21.043,-0.002913042068531713
2026-04-07 04:02:01.467,0.0011375940054981215
2026-04-07 05:02:10.788,0.0037654297092332588
2026-04-07 06:02:29.812,0.0037890212385581603
2026-04-07 07:01:38.260,0.004737922064703526
2026-04-07 08:01:03.150,0.004596926689438808
2026-04-07 09:03:29.488,0.005125781400533047
2026-04-07 10:03:41.934,0.0034087874939445536
2026-04-07 11:03:20.204,4.7128142172171185e-06
2026-04-07 12:04:06.177,0.002593782982450649
2026-04-07 13:04:07.764,0.0034328509415217532
2026-04-07 14:04:29.730,0.0037883864790050903
2026-04-07 15:04:04.482,0.0011503473381191064
2026-04-07 16:04:36.104,0.007822301205787053
2026-04-07 17:04:18.479,0.006358041156333522
2026-04-07 18:04:28.320,0.006749835830508505
2026-04-07 19:04:15.658,-0.00014079429996378652
2026-04-07 20:04:13.581,0.00710848015443763
2026-04-07 21:04:24.530,0.004758364564097428
2026-04-07 22:04:25.138,0.011416202075475878
2026-04-07 23:04:17.111,0.011623666311957591
2026-04-08 00:03:54.497,0.01653257720957375
2026-04-08 01:03:24.503,0.0078086179274739044
2026-04-08 02:03:34.562,0.009009403229871111
2026-04-08 03:04:35.813,-0.001958287050120383
2026-04-08 04:04:16.191,-0.006969377023712015
2026-04-08 05:03:53.528,-0.0057542552861737754
2026-04-08 06:03:45.504,-0.0004409740921326247
2026-04-08 07:03:36.934,-0.004062189213772998
2026-04-08 08:03:07.445,-0.0023436321616179317
2026-04-08 09:03:03.975,-0.001480768362435908
2026-04-08 10:03:10.428,-0.0037901249508881796
2026-04-08 11:03:05.062,-0.007540460243215291
2026-04-08 12:03:02.812,-0.007195827209856042
2026-04-08 13:03:05.741,-0.009744576118595565
2026-04-08 14:03:05.617,-0.009785728910182317
2026-04-08 15:03:05.664,-0.012835945957106604
2026-04-08 16:03:06.548,-0.007543234929604552
2026-04-08 17:03:04.040,-0.005554120663969092
2026-04-08 18:03:04.687,-0.0006724707485059375
2026-04-08 19:03:01.989,-0.003183958205992726
2026-04-08 20:03:06.686,0.0028903976746204874
2026-04-08 21:03:07.264,0.0049089933237802365
2026-04-08 22:03:06.675,0.011012157733356127
2026-04-08 23:03:12.787,0.02767740897793024
2026-04-09 00:03:15.154,0.006999987140528984
2026-04-09 01:03:10.116,-0.008442068939283216
2026-04-09 02:01:33.542,-0.01642388957673075
2026-04-09 03:02:02.274,-0.027272110910261438
2026-04-09 04:03:16.476,-0.05166742414199558
2026-04-09 05:04:21.184,-0.018344840937845205
2026-04-09 06:04:06.303,-0.0042812411672064786
2026-04-09 07:02:38.696,-0.005737186864463318
2026-04-09 08:02:32.915,-0.006990878583658184
2026-04-09 09:02:36.752,-0.0024408590229548005
2026-04-09 10:02:36.816,0.0031887297740642922
2026-04-09 11:02:37.081,0.004102843056932526
2026-04-09 12:00:46.151,0.0074281476198927885
2026-04-09 13:01:02.945,0.01126726510777699
2026-04-09 14:01:06.312,0.009760584226707563
2026-04-09 15:02:52.274,0.006130328593868228
2026-04-09 16:02:49.359,0.014996644923395298
2026-04-09 17:02:48.160,0.013164974938557932
2026-04-09 18:02:49.544,0.012286125691777072
2026-04-09 19:02:45.298,0.0172293550006714
2026-04-09 20:02:42.443,0.007948236080870353
2026-04-09 21:02:44.840,-0.0031818868537596356
2026-04-09 22:02:43.962,-0.001909534702557769
2026-04-09 23:02:30.799,-0.0007850022065047423
2026-04-10 00:02:16.498,-0.007203483595208415
2026-04-10 01:03:33.003,-0.006932211297544816
2026-04-10 02:03:30.062,-0.007789519736675942
2026-04-10 03:03:27.350,-0.004976924221761863
2026-04-10 04:00:36.636,-0.003288746054035363
2026-04-10 05:00:51.831,0.004378011811181082
2026-04-10 06:03:49.020,0.0013290495118563118
2026-04-10 07:04:37.461,-0.002214164224795889
2026-04-10 08:04:43.144,-0.0019649603572178265
2026-04-10 09:02:58.441,-0.001370448318448686
2026-04-10 10:02:23.588,0.0019104843954697967
2026-04-10 11:02:03.829,0.0008499763800882576
2026-04-10 12:02:45.510,0.00385502743741592
2026-04-10 13:02:42.969,0.0026320310433759044
2026-04-10 14:02:44.433,0.004503998978518614
2026-04-10 15:02:46.003,0.0014861851793396773
2026-04-10 16:02:30.531,0.005002491928057124
2026-04-10 17:02:15.345,0.010068408772594555
2026-04-10 18:01:42.668,0.007256200075473857
2026-04-10 19:02:42.049,0.004708062347349368
2026-04-10 20:02:45.450,0.0014615715478320584
2026-04-10 21:07:18.522,0.0006936196545852869
2026-04-10 22:51:45.592,-0.00550150181773617
2026-04-10 23:58:56.442,-0.0034067396653056858
2026-04-11 00:55:25.334,-0.004795763041729806
2026-04-11 01:07:37.470,-0.0054875773100650175
2026-04-11 02:01:45.070,-0.0033387000080684903
2026-04-11 03:13:16.911,0.0007435811085251044
2026-04-11 04:31:51.406,0.0026700943649351164
2026-04-11 05:48:49.774,0.0017396088010965538
2026-04-11 06:55:28.972,0.002555703125726721
2026-04-11 07:00:43.087,-5.449680197012769e-05
2026-04-11 08:11:01.710,-0.0026622231098421822
2026-04-11 09:34:34.388,-0.0030023667812806246
2026-04-11 10:55:12.162,-0.001868570200089781
2026-04-11 11:00:10.448,-0.0005878405752111626
2026-04-11 12:08:37.091,0.00014407590945803017
2026-04-11 13:02:41.971,0.001667193232144426
2026-04-11 13:58:10.155,0.0032315311782714017
2026-04-11 14:55:48.540,0.005064760696106025
2026-04-11 15:12:07.771,0.005602265084869679
2026-04-11 16:26:28.721,0.00845639633537848
2026-04-11 17:55:46.596,0.004575811177154165
2026-04-11 18:17:41.735,-0.0006842823991026815
2026-04-11 19:34:06.951,0.0029667787007279954
2026-04-11 20:43:56.646,0.0033955500297546065
2026-04-11 21:55:25.128,0.00011311444755934298
2026-04-11 22:01:46.811,0.0032869607633118246
2026-04-11 23:16:10.994,0.002304518007805051
2026-04-12 00:29:41.785,-0.00513244453164462
2026-04-12 01:34:56.923,-0.006668575221302342
2026-04-12 01:45:31.287,-0.013938686700987302
2026-04-12 01:51:06.399,-0.01646791611952731
2026-04-12 01:51:47.291,-0.012761901328059995
2026-04-12 01:52:41.481,-0.012179998778243373
2026-04-12 01:53:35.040,-0.012261009240983245
2026-04-12 02:00:27.573,-0.0029577989837438865
2026-04-12 03:00:21.564,0.003568299410542131
2026-04-12 04:00:25.535,0.005040413967340251
2026-04-12 05:00:24.049,0.004789702081650715
2026-04-12 06:00:58.492,0.006004521504213856
2026-04-12 07:01:16.600,0.0034059815162330977
2026-04-12 08:01:17.035,0.0006021881850927335
2026-04-12 09:01:17.544,-0.0006017631670545531
2026-04-12 10:01:19.823,0.0012917421501151603
2026-04-12 11:01:17.939,-0.00100489764781872
2026-04-12 12:01:18.873,0.002221746806303665
2026-04-12 13:01:13.930,0.0005420400763441525
2026-04-12 14:01:14.619,-0.002516864485964554
2026-04-12 15:01:00.126,-0.00270000680881845
2026-04-12 16:01:12.103,2.6851964458102402e-05
2026-04-12 17:01:13.939,-0.002147859528543317
2026-04-12 18:01:13.702,0.00028438318965040007
2026-04-12 19:00:53.414,0.0047240624852978585
2026-04-12 20:01:20.842,0.004426721087317669
2026-04-12 21:01:03.131,0.0015693440707053642
2026-04-12 22:00:11.519,-0.0006502331973584853
2026-04-12 23:00:45.551,-0.004989036482107983
2026-04-13 00:00:44.960,-0.00725720785710094
2026-04-13 01:01:11.129,-0.0036839476791641957
2026-04-13 02:01:11.809,0.00016729461838004825
2026-04-13 03:01:10.151,0.0020732308697259893
2026-04-13 04:01:09.215,0.004561943010463992
2026-04-13 05:01:05.233,0.006204472032506309
2026-04-13 06:01:13.925,0.0024914763671031624
2026-04-13 07:00:22.046,0.0017728730407518488
2026-04-13 08:00:21.044,0.002056461377239793
2026-04-13 09:01:13.375,0.0008942549272578648
2026-04-13 10:01:11.591,-0.0006371724725734329
2026-04-13 11:01:08.479,0.00031776493336479474
2026-04-13 12:01:14.325,-0.0012004434474923054
2026-04-13 13:00:59.842,-0.0009279289636016875
2026-04-13 14:00:14.283,0.0018174542187473276
2026-04-13 15:00:14.360,0.0015140806302894492
2026-04-13 16:00:20.698,-0.0036571176465719285
2026-04-13 17:00:15.705,-0.00262971023349069
2026-04-13 18:00:30.813,9.081518990668446e-05
2026-04-13 19:00:16.339,-0.0028507398273953043
2026-04-13 20:00:18.323,0.001819051591873738
2026-04-13 21:00:21.082,0.008713859760033867
2026-04-13 22:00:08.943,0.008915150313668567
2026-04-13 23:00:54.854,0.010150581888681665
2026-04-14 00:00:42.803,0.01245180376564381
2026-04-14 01:00:52.803,0.004892000068730013
2026-04-14 02:00:38.904,0.007825102137450673
2026-04-14 03:00:41.097,0.009745576037981867
2026-04-14 04:00:17.621,0.010156067067592367
2026-04-14 05:00:50.800,0.005869189623910309
2026-04-14 06:00:51.681,0.005974692166359985
2026-04-14 07:00:32.835,0.0053280476101669185
2026-04-14 08:01:16.975,-0.0023248815128111833
2026-04-14 09:01:02.440,-0.011373135450666583
2026-04-14 10:00:38.875,-0.00794494189736964
2026-04-14 11:01:02.804,-0.0005514056872093498
2026-04-14 12:01:02.692,-0.007944251756304865
2026-04-14 13:01:03.244,-0.005457576334500669
2026-04-14 14:01:03.013,-0.0011016809566381514
2026-04-14 15:00:20.786,-0.006604722763762755
2026-04-14 16:00:24.034,-0.009752644605868138
2026-04-14 17:00:50.416,-0.012645641584165979
2026-04-14 18:01:08.143,-0.010651960131975023
2026-04-14 19:00:04.439,-0.017679329968682468
2026-04-14 20:01:10.772,-0.010584490340947984
2026-04-14 21:01:18.646,-0.015632511273907038
2026-04-14 22:01:07.110,-0.00974658442059555
2026-04-14 23:00:06.592,-0.01048401300432924
2026-04-15 00:01:23.415,-0.004079041482737366
2026-04-15 01:01:19.400,-0.001808082211377987
2026-04-15 02:01:14.373,0.0026627763958892822
2026-04-15 03:01:14.065,0.004698897948707221
2026-04-15 04:00:18.136,0.006648008321032555
2026-04-15 05:00:32.723,0.008682176100448358
2026-04-15 06:00:20.149,0.004586052721582745
2026-04-15 07:00:42.366,0.00409879570458922
2026-04-15 08:01:22.521,0.004482216638690107
2026-04-15 09:00:24.277,0.004385291941389668
2026-04-15 10:00:24.076,0.004365809198685788
2026-04-15 11:00:22.174,0.008749510417135387
2026-04-15 12:00:11.831,0.011021915464956067
2026-04-15 13:00:12.631,0.010151856416443289
2026-04-15 14:00:24.151,0.006356939048077969
2026-04-15 15:00:04.447,0.008518947263944608
2026-04-15 16:01:09.218,0.001949542877307153
2026-04-15 17:00:15.062,0.0007258034248710022
2026-04-15 18:01:16.099,-0.002070496011092143
2026-04-15 19:00:57.510,0.0004047908455782623
2026-04-15 20:00:34.579,-0.0021116426946190094
2026-04-15 21:00:34.787,0.0034792462677697093
2026-04-15 22:00:35.596,0.00394416980860367
2026-04-15 23:01:07.879,0.003665590745511882
2026-04-16 00:00:43.686,0.002430435573749207
2026-04-16 01:00:45.044,-0.0019196924640382583
2026-04-16 02:00:46.641,-0.006970893385194144
2026-04-16 03:00:18.748,-0.003766771347647091
2026-04-16 04:00:47.903,-0.003792110581230257
2026-04-16 05:00:45.377,0.001706447590459059
2026-04-16 06:01:31.126,0.0051669981735622105
2026-04-16 07:00:11.937,0.005277993798296127
2026-04-16 08:00:42.304,-0.0015437140967541063
2026-04-16 09:00:30.023,0.002292464251594811
2026-04-16 10:01:15.638,-0.0035360238134825527
2026-04-16 11:01:17.424,-0.0036444547157004127
2026-04-16 12:01:18.440,-0.0020376253671412657
2026-04-16 13:01:15.769,-0.0008415007558553234
2026-04-16 14:00:32.141,-0.003747909844629965
2026-04-16 15:00:42.419,-0.004743539595025936
2026-04-16 16:01:15.477,-0.0015996876662605964
2026-04-16 17:01:13.407,-0.004352638398494141
2026-04-16 18:01:14.061,-0.004393430402197101
2026-04-16 19:00:31.526,0.004558981798344902
2026-04-16 20:00:32.496,0.01273458936350934
2026-04-16 21:00:05.875,0.003298338723111454
2026-04-16 22:00:09.424,0.0064870768137520515
2026-04-16 23:00:08.705,0.006068560743372169
2026-04-17 00:01:24.052,-0.0027084850701703574
2026-04-17 01:00:49.261,-0.007272439398910497
2026-04-17 02:00:44.651,-0.0057022159654862735
2026-04-17 03:00:25.224,-0.00586251881591458
2026-04-17 04:00:24.232,-0.005297940497841092
2026-04-17 05:00:25.223,-0.0051666959124230475
2026-04-17 06:00:24.090,-0.009399759030633625
2026-04-17 07:00:23.822,-0.0007974269890894891
2026-04-17 08:00:23.743,-2.476104331642357e-05
2026-04-17 09:00:26.408,0.0016765409254871578
2026-04-17 10:00:25.413,0.0009296477649894165
2026-04-17 11:01:03.220,0.0021561269838161535
2026-04-17 12:00:52.007,0.001942470545348929
2026-04-17 13:00:52.670,0.0038523241864150846
2026-04-17 14:00:57.341,0.003438279256836157
2026-04-17 15:00:52.499,0.005277960206524485
2026-04-17 16:00:41.789,0.005982079793034439
2026-04-17 17:00:40.215,0.0034887198436524495
2026-04-17 18:00:31.659,-0.002524162144506303
2026-04-17 19:00:07.413,-0.004019897180846987
2026-04-17 20:00:25.083,-0.006453885055496706
2026-04-17 21:01:14.697,-0.0044262033893062765
2026-04-17 22:01:13.183,-0.008796351790883544
2026-04-17 23:01:14.653,-0.00529608433263854
2026-04-18 00:01:14.965,-0.0062691823558231
2026-04-18 01:01:15.211,-0.004786797031455769
2026-04-18 02:01:14.244,-0.002104920509023495
2026-04-18 03:01:11.720,0.0011146042318985361
2026-04-18 04:01:13.086,-0.0013134492448467706
2026-04-18 05:01:12.075,0.001458618866616984
2026-04-18 06:01:10.142,0.002075141144395126
2026-04-18 07:01:12.353,0.0006783637844473723
2026-04-18 08:01:10.987,-0.0007157281595595812
2026-04-18 09:01:08.122,-0.0001745642152449823
2026-04-18 10:01:09.813,0.0001895620405745922
2026-04-18 11:00:23.870,-0.005021798793148608
2026-04-18 12:00:24.470,-0.0073858827730022055
2026-04-18 13:00:07.167,-0.004094960785551149
2026-04-18 14:00:35.545,-0.0007433657676698398
2026-04-18 15:00:35.590,-0.0006351835041456142
2026-04-18 16:00:08.119,0.005167649268010732
2026-04-18 17:00:05.250,0.004475153377161728
2026-04-18 18:00:50.872,0.002259938293017044
2026-04-18 19:00:46.343,-0.0003609243794629067
2026-04-18 20:00:44.379,-0.0033340688192510406
2026-04-18 21:00:46.900,-0.00212620913837907
2026-04-18 22:00:54.515,-0.0006050544771713127
2026-04-18 23:00:55.432,0.0004454608667057878
2026-04-19 00:00:38.740,-0.0006121677587312357
2026-04-19 01:00:58.988,0.0019134510478355292
2026-04-19 02:00:53.645,0.00013825587907622186
2026-04-19 03:00:54.235,-0.000818781507317401
2026-04-19 04:00:52.346,-0.0026980239822077257
2026-04-19 05:00:35.652,0.0008309381362330503
2026-04-19 06:00:39.813,0.0011222368546416669
2026-04-19 07:00:48.971,0.0014923557836594382
2026-04-19 08:01:16.178,0.00273841104218524
2026-04-19 09:01:10.618,0.003429341408607345
2026-04-19 10:00:56.561,0.0031911817990841417
2026-04-19 11:00:11.160,0.0037768710001677697
2026-04-19 12:01:08.139,0.007452957605263888
2026-04-19 13:01:09.304,0.008586401744619892
2026-04-19 14:01:08.520,0.0091693169552377
2026-04-19 15:01:08.590,0.008419560855885655
2026-04-19 16:01:09.178,0.0038009209968296043
2026-04-19 17:01:14.347,-0.002180606473528912
2026-04-19 18:00:37.217,-0.0063095423651605195
2026-04-19 19:00:53.617,-0.00717561851448691
2026-04-19 20:00:51.000,-0.006628678002609939
2026-04-19 21:00:50.238,-0.00400325061358992
2026-04-19 22:00:20.164,-0.005124074256416472
2026-04-19 23:00:49.632,-0.004483312600697487
2026-04-20 00:00:52.377,-0.005448727790261171
2026-04-20 01:00:36.349,-0.004905951404607273
2026-04-20 02:00:19.964,-0.004011890715392302
2026-04-20 03:00:19.973,-0.0028431233007721103
2026-04-20 04:00:20.835,0.0016162429766321041
2026-04-20 05:00:51.454,0.003513915213739294
2026-04-20 06:01:19.127,-0.0006722351091264401
2026-04-20 07:01:19.242,0.0020547309802325443
2026-04-20 08:01:19.616,0.005202938197199714
2026-04-20 09:01:16.780,0.0033158555847191905
2026-04-20 10:01:16.984,0.004806806945899395
2026-04-20 11:01:22.482,0.0060536512302111715
2026-04-20 12:01:22.265,0.0027013612647473154
2026-04-20 13:01:20.931,0.0030168143199030386
2026-04-20 14:01:17.557,0.005183196431022813
2026-04-20 15:01:19.857,0.0008372332171784292
2026-04-20 16:01:23.168,0.0039750418569354075
2026-04-20 17:01:22.669,0.002965448090779721
2026-04-20 18:01:20.127,0.0029439636590521015
2026-04-20 19:01:21.759,0.0003310754460774559
2026-04-20 20:01:21.769,0.0032078087401137875
2026-04-20 21:01:23.307,0.002972780092135447
2026-04-20 22:01:22.101,0.0020754733141722936
2026-04-20 23:01:21.063,-0.0009364595874483683
2026-04-21 00:01:22.822,-0.00327890481322714
2026-04-21 01:01:24.054,-0.0022496688360352677
2026-04-21 02:01:21.903,-0.006575182947096714
2026-04-21 03:01:22.092,-0.0046764089106552335
2026-04-21 04:01:19.243,-0.0053418432655162554
2026-04-21 05:01:18.992,-0.0030455680517290696
2026-04-21 06:01:18.556,-0.002604384624178652
2026-04-21 07:01:19.969,-0.0007935520513444262
2026-04-21 08:01:19.279,0.0010079432111358977
2026-04-21 09:01:19.672,0.004377113857400872
2026-04-21 10:01:20.320,0.005435109477930533
2026-04-21 11:01:20.824,0.0024597924008678386
2026-04-21 12:01:20.166,0.002394602351673691
2026-04-21 13:01:18.802,-0.0006774792587451283
2026-04-21 14:01:19.584,-0.0022735260191397155
2026-04-21 15:01:19.405,-0.0038214460664355355
2026-04-21 16:01:19.851,-0.0034230770870465888
2026-04-21 17:01:19.709,-0.0024035568933701013
2026-04-21 18:01:20.070,-0.0015715689435384984
2026-04-21 19:01:19.644,-0.002745447596395556
2026-04-21 20:01:19.633,-0.007722444952018502
2026-04-21 21:01:19.430,-0.003998483418198574
2026-04-21 22:01:19.335,-0.005048538362980609
2026-04-21 23:01:19.528,-0.0035194439673818185
2026-04-22 00:01:24.480,0.0011720224286669023
2026-04-22 01:01:20.515,0.007072981397892669
2026-04-22 02:01:20.368,0.002370674579579934
2026-04-22 03:01:22.246,0.009232369077277203
2026-04-22 04:01:28.438,0.00886034639560183
2026-04-22 05:01:19.440,0.005894802251794135
2026-04-22 06:01:20.800,0.010171534220797458
2026-04-22 07:01:21.224,0.010905753407699864
2026-04-22 08:01:23.195,0.0027982131077099346
2026-04-22 09:01:20.203,0.0036654124536061594
2026-04-22 10:01:19.395,0.0011993983599919269
2026-04-22 11:01:21.303,-0.0019489357995743474
2026-04-22 12:01:21.947,-0.0025485073406291917
2026-04-22 13:01:21.011,-0.00224046329496716
2026-04-22 14:01:19.329,-0.004100059327432143
2026-04-22 15:01:20.471,-0.0032352730967423362
2026-04-22 16:01:21.519,-0.006757545404923538
2026-04-22 17:01:22.813,-0.0053203065231085585
2026-04-22 18:01:22.356,-0.004021726813640813
2026-04-22 19:01:21.647,-0.0027024768595099503
2026-04-22 20:01:23.546,-0.004872532771859372
2026-04-22 21:01:24.196,-0.005477600252564707
2026-04-22 22:00:32.064,-0.0024424342756405207
2026-04-22 23:00:45.929,-0.004330683146988168
2026-04-23 00:00:09.102,-0.008279481164670149
2026-04-23 01:00:44.068,-0.004294602194781572
2026-04-23 02:00:42.850,-0.0017705175826181916
2026-04-23 03:00:52.853,-0.007261603198443183
2026-04-23 04:00:52.189,-0.005597672944847403
2026-04-23 05:00:38.985,-0.0004613728894567624
2026-04-23 06:00:36.216,0.00042564218208449023
2026-04-23 07:00:36.918,0.002255509811949502
2026-04-23 08:01:07.591,0.004454611681835613
2026-04-23 09:01:09.098,0.005715261592611815
2026-04-23 10:01:07.120,0.002411891861369858
2026-04-23 11:01:07.491,0.0005281279848318552
2026-04-23 12:01:09.689,0.001253435751575832
2026-04-23 13:01:09.863,0.0020018878013267185
2026-04-23 14:01:07.702,0.0031903240023283376
2026-04-23 15:00:30.124,0.006179094121970142
2026-04-23 16:00:12.927,0.00818606489389202
2026-04-23 17:00:23.794,0.0035413957610411716
2026-04-23 18:00:30.278,-8.642410803333389e-05
2026-04-23 19:00:28.892,-0.0001964698377923623
2026-04-23 20:00:07.091,-0.002697467167826545
2026-04-23 21:00:03.759,-0.002512407943646755
2026-04-23 22:00:01.859,0.0013902950448270279
2026-04-23 23:01:00.741,0.00581368097391562
2026-04-24 00:01:00.938,0.0032634168997355607
2026-04-24 01:01:00.595,0.00483197584410593
2026-04-24 02:01:00.191,0.002628339707759908
2026-04-24 03:00:16.943,-0.002067176538930171
2026-04-24 04:00:12.126,-0.0030513335612519063
2026-04-24 05:00:13.586,-0.002614591736122468
2026-04-24 06:00:14.453,-0.0036547730313585495
2026-04-24 07:00:13.292,-0.0026570090641612532
2026-04-24 08:00:06.968,-0.0009795501590819542
2026-04-24 09:01:17.791,0.0025040772232402418
2026-04-24 10:01:16.029,0.0004768665824523066
2026-04-24 11:00:21.728,0.0026294749195366006
2026-04-24 12:00:38.859,0.002075445457941305
2026-04-24 13:00:19.768,0.002412619220277906
2026-04-24 14:00:29.914,-0.0015442788715796076
2026-04-24 15:00:16.023,0.0017005935996957764
2026-04-24 16:00:15.602,-0.001281277295912947
2026-04-24 17:00:16.974,-0.003810185310255093
2026-04-24 18:01:18.328,-0.0004689513754933816
2026-04-24 19:00:18.582,-1.755204991069626e-05
2026-04-24 20:00:30.056,8.708606461066382e-06
2026-04-24 21:00:32.812,0.001555349930133082
2026-04-24 22:00:17.505,0.00217993493308648
2026-04-24 23:00:52.560,-0.00306972486740964
2026-04-25 00:00:03.184,-0.0024402504138879345
2026-04-25 01:00:02.688,-0.0030674170680745684
2026-04-25 02:00:33.790,-0.003408042830440144
2026-04-25 03:00:32.272,-0.0010061813901772354
2026-04-25 04:00:11.891,0.0023133233290912824
2026-04-25 05:00:12.683,0.0007095494982408357
2026-04-25 06:00:32.616,0.00041222072656944554
2026-04-25 07:00:29.242,0.0012221092347853959
2026-04-25 08:00:31.031,0.0005549762070486963
2026-04-25 09:00:31.892,-0.00037324861991782087
2026-04-25 10:00:30.658,0.0013384664763028797
2026-04-25 11:01:13.271,0.0020700503742590807
2026-04-25 12:01:11.825,-0.00224405411854221
2026-04-25 13:01:12.112,-0.0016487646588524251
2026-04-25 14:00:02.674,-0.001476575794996443
2026-04-25 15:00:55.464,-0.002116812374886928
2026-04-25 16:00:44.737,-0.003633408616440903
2026-04-25 17:00:52.114,-0.001184084907911209
2026-04-25 18:01:13.944,-0.001409769818415485
2026-04-25 19:01:15.591,-0.0008450748912462225
2026-04-25 20:01:13.533,-0.0016317743382488759
2026-04-25 21:01:14.632,0.00025152832848203134
2026-04-25 22:01:15.969,0.0016706891681784962
2026-04-25 23:01:08.273,0.0024752784190693157
2026-04-26 00:01:10.013,0.002013170248888674
2026-04-26 01:01:06.658,0.002195186953241335
2026-04-26 02:00:29.892,0.00014241185526054918
2026-04-26 03:00:29.963,0.001721505257580991
2026-04-26 04:00:34.159,-0.00027994925316288664
2026-04-26 05:00:51.268,0.0007638023513333702
2026-04-26 06:00:53.031,0.0025814798465275176
2026-04-26 07:00:41.092,0.004970442611782783
2026-04-26 08:00:40.732,0.0026782518387293563
2026-04-26 09:00:40.873,0.0028290552044235194
2026-04-26 10:00:19.008,0.0020178474685374204
2026-04-26 11:00:18.971,0.0009387292167537807
2026-04-26 12:00:20.728,-0.00010985502241899208
2026-04-26 13:00:18.668,-0.0018478898976246995
2026-04-26 14:00:18.252,-0.0009955394689753706
2026-04-26 15:00:11.773,3.3285871256882914e-05
2026-04-26 16:00:43.683,-0.0017189982886785917
2026-04-26 17:00:53.328,-0.0026435574291711118
2026-04-26 18:00:06.294,-8.564622780052322e-05
2026-04-26 19:01:17.275,0.0019514737893758295
2026-04-26 20:01:16.799,-0.00025660249725286137
2026-04-26 21:00:24.889,0.001891091821348978
2026-04-26 22:00:28.911,0.0007033814668515326
2026-04-26 23:00:30.702,0.003007041503308133
2026-04-27 00:00:24.158,0.0030326533684532533
2026-04-27 01:00:11.857,0.0032708391573218476
2026-04-27 02:00:11.429,0.004074551852221531
2026-04-27 03:00:11.325,0.0072013579626735375
2026-04-27 04:00:12.992,0.0028644146815883674
2026-04-27 05:00:39.546,0.00013541631279432318
2026-04-27 06:00:40.148,-0.005037458292345975
2026-04-27 07:00:33.863,-0.008317990135617848
2026-04-27 08:00:34.141,-0.00992542057381976
2026-04-27 09:00:35.421,-0.01058316098803831
2026-04-27 10:00:34.287,-0.01129664477162221
2026-04-27 11:00:34.111,-0.004383520312675771
2026-04-27 12:01:09.242,-0.0034001938877393388
2026-04-27 13:01:10.124,-0.001767995284383034
2026-04-27 14:00:19.387,-0.0006751175516645114
2026-04-27 15:00:50.484,0.002124910189494461
2026-04-27 16:00:07.998,-0.003316247977611109
2026-04-27 17:00:59.533,-0.002576371506527447
2026-04-27 18:00:50.951,-0.003097313631634824
2026-04-27 19:00:51.897,-0.0012447727861616517
2026-04-27 20:00:50.273,-0.005099947737533872
2026-04-27 21:00:31.764,0.0033770593159054172
2026-04-27 22:00:58.909,0.005630864815482228
2026-04-27 23:00:57.961,0.0072258809043220015
2026-04-28 00:00:58.526,0.0070541826228334385
2026-04-28 01:00:56.327,0.008786198657846873
2026-04-28 02:00:56.092,0.005683587506164822
2026-04-28 03:00:49.848,0.0020191363049211265
2026-04-28 04:00:23.893,-0.0014393979435119884
2026-04-28 05:00:52.146,-0.0002509796447127177
2026-04-28 06:00:22.275,0.0006351178491377895
2026-04-28 07:00:59.114,-0.0006329247707257957
2026-04-28 08:00:58.405,0.0002636750217816064
2026-04-28 09:01:02.382,0.000644374874883169
2026-04-28 10:00:49.501,-0.0012207023648630466
2026-04-28 11:00:33.819,-0.0009541234761297978
2026-04-28 12:00:34.548,-0.00129039903477568
2026-04-28 13:00:46.307,0.0001310692550450743
2026-04-28 14:00:46.431,0.00019729359711870287
2026-04-28 15:00:06.084,-0.0015625937875137774
2026-04-28 16:01:19.444,-0.0011863764625376304
2026-04-28 17:01:18.141,0.0007817873108986683
2026-04-28 18:01:18.654,0.0005870999681335808
2026-04-28 19:01:18.930,0.0030489505788365567
2026-04-28 20:01:18.940,0.00781429608298267
2026-04-28 21:00:25.332,0.006497055923019302
2026-04-28 22:00:25.434,0.003864774004482863
2026-04-28 23:00:24.025,0.0032906851192222976
2026-04-29 00:01:21.856,0.00010258437912765719
2026-04-29 01:01:20.190,-0.004454153162474339
2026-04-29 02:01:18.545,-0.0048500318104662266
2026-04-29 03:01:14.404,-0.002280019104919395
2026-04-29 04:01:13.810,-0.00037933008907182217
2026-04-29 05:01:14.996,0.002007602156298721
2026-04-29 06:01:14.125,0.002596805105483846
2026-04-29 07:01:13.552,0.0010392427986778197
2026-04-29 08:01:12.547,0.0023111561072991
2026-04-29 09:01:14.819,-0.002787424742714301
2026-04-29 10:01:14.802,-0.0013273620502734674
2026-04-29 11:01:15.560,0.000604297942019682
2026-04-29 12:01:16.397,0.001904458911288381
2026-04-29 13:01:15.162,-0.002375857730506242
2026-04-29 14:01:15.322,-0.002128192221734726
2026-04-29 15:01:15.851,-0.007675679470273938
2026-04-29 16:01:16.962,-0.012415016527613149
2026-04-29 17:01:15.047,-0.01092103899255678
2026-04-29 18:01:17.892,-0.0085631099139155
2026-04-29 19:01:17.810,-0.007697745164534114
2026-04-29 20:01:16.178,-0.006386015435343123
2026-04-29 21:00:03.192,0.00016144169005444806
2026-04-29 22:00:03.312,0.0018880307707091204
2026-04-29 23:00:03.209,0.001154129707685364
2026-04-30 00:00:03.409,0.005443752384658146
2026-04-30 01:00:03.016,0.008488920615524236
2026-04-30 02:00:02.995,0.0071311181713468175
2026-04-30 03:00:04.423,0.0020967947827145285
2026-04-30 04:00:16.663,0.0035821835547420024
2026-04-30 05:00:16.884,0.0009617824439517087
2026-04-30 06:00:17.429,0.0008583504783034493
2026-04-30 07:00:18.060,8.218003565120232e-05
2026-04-30 08:00:56.631,0.0062680913120403085
2026-04-30 09:00:40.057,0.00397947583063632
2026-04-30 10:00:38.769,0.005459090675020601
2026-04-30 11:00:40.354,0.0017615787654026438
2026-04-30 12:00:29.083,-0.00021833617434742768
2026-04-30 13:00:32.151,-0.002440097532211588
2026-04-30 14:00:44.292,-0.0027171470340430215
2026-04-30 15:00:54.337,-0.0036456910603679614
2026-04-30 16:00:54.721,-0.0008531801619226675
2026-04-30 17:00:54.546,-0.001117855230439907
2026-04-30 18:00:11.311,-0.0014723188383786669
2026-04-30 19:00:29.151,-0.00018488182518200947
2026-04-30 20:00:05.021,0.0006562685138780611
2026-04-30 21:00:03.505,-0.0006029639268224473
2026-04-30 22:00:03.523,-9.792032188458695e-05
2026-04-30 23:00:18.857,-0.0019440169180840574
2026-05-01 00:00:05.601,-0.0006622133664476726
2026-05-01 01:00:07.705,-0.0008090979220397254
2026-05-01 02:00:06.097,0.0008216163441037371
2026-05-01 03:00:53.882,0.002409058062743641
2026-05-01 04:00:51.876,0.005651606677104093
2026-05-01 05:00:53.634,0.004104906674226289
2026-05-01 06:00:54.472,0.00321147156322682
2026-05-01 07:00:53.235,0.0009919086158205082
2026-05-01 08:00:39.563,0.0016521260090724688
2026-05-01 09:00:21.983,-0.0002592219775984394
2026-05-01 10:00:21.263,-0.0016673639322830223
2026-05-01 11:00:21.552,-0.0014183185945498612
2026-05-01 12:00:59.960,0.001077661600960933
2026-05-01 13:00:59.976,0.0008295026554123283
2026-05-01 14:00:58.247,0.0012802152233437171
2026-05-01 15:01:00.354,0.002169527179910047
2026-05-01 16:00:43.660,0.002894154014704553
2026-05-01 17:00:46.054,0.0020754822970606383
2026-05-01 17:12:04.000,0.00020769641544979853
